{"stats":{"minecraft:used":{"minecraft:oak_fence":6,"minecraft:wheat_seeds":20,"minecraft:spruce_slab":1,"occultism:datura_seeds":2,"minecraft:oak_sign":1,"byg:zelkova_sapling":1,"minecraft:chest":8,"minecraft:iron_sword":48,"botania:black_mystical_flower":1,"minecraft:sugar_cane":4,"minecraft:white_wool":1,"minecraft:dirt":1,"minecraft:mutton":1,"minecraft:anvil":1,"minecraft:oak_slab":17,"minecraft:crafting_table":3,"minecraft:spruce_stairs":7,"minecraft:carrot":14,"minecraft:campfire":4,"minecraft:spruce_fence":141,"minecraft:cake":1,"minecraft:smoker":1,"minecraft:stripped_spruce_log":1,"botania:terra_pick":1,"minecraft:oak_log":1,"minecraft:apple":3,"botania:blue_mystical_flower":1,"minecraft:sunflower":1,"minecraft:lantern":7,"minecraft:grass_block":200,"minecraft:bread":4,"minecraft:spruce_trapdoor":9,"minecraft:barrel":12,"botania:elementium_shovel":3,"minecraft:hay_block":5,"vampirism:item_tent_spawner":2,"minecraft:furnace":2,"botania:magenta_mystical_flower":2,"minecraft:gold_block":4,"minecraft:cooked_beef":1,"minecraft:potato":8},"minecraft:crafted":{"minecraft:cooked_porkchop":11,"chococraft:chocobo_drumstick_cooked":1,"byg:zelkova_planks":12,"minecraft:brown_dye":1,"minecraft:air":0},"minecraft:custom":{"minecraft:interact_with_furnace":7,"minecraft:mob_kills":15,"minecraft:open_barrel":8,"minecraft:play_one_minute":94670,"minecraft:bell_ring":4,"minecraft:pot_flower":2,"minecraft:eat_cake_slice":7,"minecraft:leave_game":4,"minecraft:time_since_death":34349,"minecraft:climb_one_cm":10923,"minecraft:time_since_rest":31950,"minecraft:sprint_one_cm":93003,"minecraft:damage_taken":866,"minecraft:walk_one_cm":125166,"minecraft:drop":3,"minecraft:damage_dealt":2230,"minecraft:swim_one_cm":1770,"minecraft:talked_to_villager":9,"minecraft:fly_one_cm":245022,"minecraft:open_chest":20,"minecraft:crouch_one_cm":6067,"tombstone:undead_killed":2,"minecraft:deaths":1,"minecraft:sneak_time":2200,"minecraft:walk_under_water_one_cm":224,"minecraft:jump":644,"minecraft:interact_with_blast_furnace":2,"minecraft:walk_on_water_one_cm":348,"minecraft:interact_with_smoker":2,"minecraft:fall_one_cm":15767,"minecraft:horse_one_cm":6257},"minecraft:killed":{"minecraft:pig":4,"minecraft:spider":4,"minecraft:sheep":4,"minecraft:zombie":2,"chococraft:chocobo":1},"minecraft:mined":{"byg:reeds":1,"byg:cattail":1,"minecraft:torch":1,"minecraft:grass_block":1,"minecraft:tall_grass":6,"botania:black_double_flower":1,"botania:blue_mystical_flower":1,"minecraft:sugar_cane":3,"botania:black_mystical_flower":1,"minecraft:large_fern":2,"minecraft:hay_block":5,"botania:magenta_mystical_flower":2,"minecraft:carrots":8,"minecraft:wheat":27,"minecraft:grass":47,"minecraft:potatoes":4,"minecraft:sunflower":1,"minecraft:oak_leaves":1,"botania:magenta_double_flower":1},"minecraft:killed_by":{"minecraft:spider":1},"minecraft:dropped":{"minecraft:grass_block":1,"botania:magenta_mystical_flower":2},"minecraft:picked_up":{"occultism:datura_seeds":11,"minecraft:wheat":19,"minecraft:potato":14,"minecraft:cornflower":1,"minecraft:string":3,"minecraft:dirt":32,"botania:black_mystical_flower":1,"chococraft:chocobo_feather":2,"botania:magenta_mystical_flower":4,"minecraft:wheat_seeds":67,"byg:zelkova_log":3,"minecraft:sugar_cane":4,"byg:zelkova_sapling":1,"byg:reeds":1,"minecraft:porkchop":11,"minecraft:carrot":23,"byg:cattail":1,"minecraft:spider_eye":1,"minecraft:hay_block":5,"botania:blue_mystical_flower":1,"chococraft:chocobo_drumstick_raw":1,"minecraft:black_wool":1,"minecraft:mutton":7,"minecraft:white_wool":2,"minecraft:sunflower":1}},"DataVersion":2586}