{"stats":{"minecraft:used":{"minecraft:oak_fence":6,"minecraft:spruce_slab":1,"occultism:copper_ore":9,"minecraft:oak_sign":1,"byg:zelkova_sapling":1,"minecraft:chest":8,"minecraft:iron_sword":109,"botania:black_mystical_flower":1,"iceandfire:copper_ore":1,"minecraft:torch":56,"minecraft:dirt":23,"minecraft:anvil":1,"minecraft:mutton":1,"minecraft:spruce_stairs":7,"minecraft:carrot":14,"minecraft:spruce_fence":144,"minecraft:stripped_spruce_log":1,"botania:blue_mystical_flower":1,"minecraft:grass_block":200,"minecraft:lantern":7,"minecraft:iron_axe":42,"minecraft:barrel":12,"minecraft:hay_block":5,"minecraft:furnace":2,"minecraft:oak_sapling":3,"minecraft:gold_block":4,"tombstone:gift":1,"minecraft:cooked_beef":1,"minecraft:potato":8,"minecraft:wheat_seeds":20,"minecraft:oak_planks":23,"occultism:datura_seeds":2,"minecraft:sugar_cane":4,"minecraft:white_wool":1,"minecraft:crafting_table":3,"minecraft:oak_slab":17,"minecraft:campfire":4,"minecraft:smoker":1,"minecraft:cake":1,"minecraft:spruce_log":21,"botania:terra_pick":1,"minecraft:oak_log":1,"minecraft:apple":6,"byg:blueberries":8,"minecraft:sunflower":1,"minecraft:bread":5,"minecraft:iron_pickaxe":77,"minecraft:spruce_trapdoor":10,"minecraft:spruce_sapling":1,"botania:elementium_shovel":3,"vampirism:item_tent_spawner":2,"minecraft:red_banner":4,"botania:magenta_mystical_flower":2},"minecraft:crafted":{"minecraft:oak_planks":24,"chococraft:chocobo_drumstick_cooked":1,"byg:zelkova_planks":12,"minecraft:cooked_porkchop":11,"minecraft:brown_dye":1,"minecraft:air":0},"minecraft:custom":{"minecraft:mob_kills":32,"minecraft:interact_with_crafting_table":1,"minecraft:open_barrel":17,"minecraft:bell_ring":29,"minecraft:eat_cake_slice":8,"minecraft:leave_game":4,"minecraft:time_since_death":82349,"minecraft:climb_one_cm":13498,"minecraft:sprint_one_cm":198351,"minecraft:walk_one_cm":201953,"minecraft:drop":8,"minecraft:talked_to_villager":21,"minecraft:deaths":1,"minecraft:sneak_time":7601,"minecraft:walk_under_water_one_cm":3707,"minecraft:jump":1143,"minecraft:interact_with_blast_furnace":5,"minecraft:walk_on_water_one_cm":5911,"minecraft:interact_with_furnace":11,"minecraft:play_one_minute":142670,"minecraft:pot_flower":2,"minecraft:time_since_rest":79950,"minecraft:damage_taken":1257,"minecraft:damage_dealt":5796,"minecraft:fly_one_cm":344556,"minecraft:swim_one_cm":19427,"minecraft:open_chest":32,"minecraft:crouch_one_cm":15292,"tombstone:undead_killed":12,"minecraft:interact_with_smoker":3,"minecraft:fall_one_cm":24373,"minecraft:horse_one_cm":6257},"minecraft:killed":{"vampirism:vampire":2,"minecraft:spider":7,"minecraft:skeleton":1,"minecraft:pig":4,"minecraft:creeper":2,"minecraft:sheep":4,"minecraft:zombie":11,"chococraft:chocobo":1},"minecraft:mined":{"minecraft:spruce_planks":1,"minecraft:mossy_cobblestone":1,"occultism:copper_ore":10,"byg:cattail":1,"minecraft:spruce_trapdoor":1,"minecraft:grass_block":1,"minecraft:spruce_fence":9,"botania:black_double_flower":1,"minecraft:spruce_leaves":16,"minecraft:large_fern":8,"minecraft:hay_block":5,"minecraft:magma_block":2,"botania:magenta_mystical_flower":2,"minecraft:carrots":8,"iceandfire:copper_ore":5,"minecraft:andesite":2,"minecraft:gold_block":1,"minecraft:potatoes":4,"byg:fir_leaves":1,"minecraft:stone":17,"botania:light_blue_double_flower":1,"byg:reeds":1,"minecraft:torch":6,"minecraft:tall_grass":10,"minecraft:cobblestone":4,"botania:blue_mystical_flower":1,"minecraft:sugar_cane":3,"botania:black_mystical_flower":1,"minecraft:wall_torch":1,"byg:soapstone":2,"minecraft:cobblestone_wall":2,"minecraft:sweet_berry_bush":1,"minecraft:wheat":27,"minecraft:spruce_log":21,"minecraft:red_wall_banner":4,"minecraft:grass":75,"minecraft:oak_log":6,"minecraft:coal_ore":26,"minecraft:sunflower":1,"byg:blueberry_bush":3,"minecraft:netherrack":1,"minecraft:oak_leaves":4,"minecraft:fern":1,"botania:magenta_double_flower":1},"minecraft:killed_by":{"minecraft:spider":1},"minecraft:dropped":{"curios:amulet":1,"curios:knuckles":1,"minecraft:grass_block":1,"curios:ring":1,"minecraft:red_banner":1,"minecraft:spider_eye":1,"botania:magenta_mystical_flower":2},"minecraft:picked_up":{"minecraft:wheat":19,"byg:soapstone":2,"iceandfire:copper_ore":5,"minecraft:cornflower":1,"minecraft:string":3,"botania:magenta_mystical_flower":4,"curios:ring":1,"byg:zelkova_log":3,"minecraft:spruce_planks":1,"curios:amulet":1,"minecraft:sugar_cane":4,"minecraft:spruce_trapdoor":1,"byg:zelkova_sapling":1,"byg:reeds":1,"minecraft:torch":7,"minecraft:spruce_fence":9,"minecraft:porkchop":11,"minecraft:carrot":23,"byg:cattail":1,"minecraft:rotten_flesh":9,"minecraft:hay_block":5,"botania:blue_mystical_flower":1,"occultism:copper_ore":10,"chococraft:chocobo_drumstick_raw":1,"minecraft:mutton":7,"minecraft:white_wool":2,"minecraft:cobblestone":18,"occultism:datura_seeds":18,"curios:knuckles":1,"minecraft:magma_block":2,"minecraft:andesite":2,"minecraft:potato":14,"minecraft:oak_log":6,"minecraft:cobblestone_wall":2,"minecraft:gunpowder":3,"minecraft:dirt":32,"botania:black_mystical_flower":1,"chococraft:chocobo_feather":2,"minecraft:wheat_seeds":71,"byg:blueberries":5,"minecraft:sweet_berries":18,"minecraft:spruce_sapling":4,"minecraft:red_banner":5,"minecraft:spruce_log":21,"minecraft:spider_eye":2,"minecraft:mossy_cobblestone":1,"minecraft:oak_sapling":3,"minecraft:netherrack":1,"minecraft:black_wool":1,"minecraft:coal":25,"minecraft:sunflower":1}},"DataVersion":2586}