{"stats":{"minecraft:crafted":{"securitycraft:mine":9,"minecraft:oak_planks":36,"minecraft:blaze_powder":4,"minecraft:dark_oak_wood":48,"minecraft:oak_pressure_plate":3,"byg:zelkova_planks":12,"minecraft:bookshelf":3,"minecraft:cooked_mutton":3,"minecraft:oak_button":1,"vampirism:stake":19,"minecraft:cooked_porkchop":11,"minecraft:crafting_table":2,"minecraft:spruce_planks":76,"minecraft:brown_dye":1,"minecraft:spruce_door":9,"minecraft:stick":148,"vampirism:armor_of_swiftness_chest_normal":1,"minecraft:coal":27,"chococraft:chocobo_drumstick_cooked":1,"vampirism:cursed_spruce_planks":44,"minecraft:bone_meal":6,"minecraft:ladder":15,"minecraft:wheat":81,"securitycraft:cobblestone_mine":5,"minecraft:air":0,"minecraft:bread":32,"minecraft:torch":232},"minecraft:mined":{"minecraft:dark_oak_planks":6,"minecraft:spruce_planks":6,"minecraft:stone_pressure_plate":1,"occultism:copper_ore":23,"iceandfire:copper_pile":2,"minecraft:cobblestone_stairs":3,"minecraft:red_nether_bricks":11,"minecraft:obsidian":1,"byg:cattail":2,"minecraft:brewing_stand":1,"minecraft:spruce_trapdoor":2,"minecraft:granite":2,"botania:light_blue_mushroom":1,"minecraft:grass_block":555,"vampirism:dark_spruce_log":26,"vampirism:throne":1,"minecraft:coal_block":3,"botania:black_double_flower":1,"minecraft:spawner":27,"minecraft:magma_block":2,"minecraft:mossy_cobblestone_stairs":10,"minecraft:iron_ore":68,"minecraft:fire":23,"minecraft:nether_brick_stairs":8,"iceandfire:gold_pile":3,"minecraft:iron_bars":12,"minecraft:oak_stairs":2,"byg:fir_leaves":1,"occultism:silver_ore":9,"minecraft:spruce_slab":1,"minecraft:potted_brown_mushroom":1,"minecraft:brown_mushroom":1,"minecraft:quartz_block":1,"minecraft:soul_lantern":3,"minecraft:torch":26,"minecraft:mushroom_stem":63,"minecraft:cobblestone":62,"botania:blue_mystical_flower":1,"minecraft:oak_planks":17,"minecraft:sugar_cane":4,"botania:black_mystical_flower":1,"minecraft:iron_door":1,"minecraft:wall_torch":11,"minecraft:skeleton_skull":1,"byg:soapstone":29,"minecraft:nether_wart_block":1,"minecraft:yellow_wool":1,"minecraft:wheat":38,"minecraft:jukebox":1,"minecraft:tnt":1,"minecraft:smooth_stone_slab":3,"minecraft:stone_brick_stairs":13,"minecraft:grass":121,"minecraft:oak_log":6,"minecraft:dirt":290,"minecraft:sand":134,"byg:blueberry_bush":3,"minecraft:netherrack":8,"minecraft:oak_leaves":5,"botania:magenta_double_flower":1,"minecraft:redstone_lamp":1,"botania:magenta_mushroom":1,"minecraft:diamond_ore":37,"minecraft:mossy_cobblestone":22,"minecraft:oak_door":1,"minecraft:nether_bricks":73,"minecraft:spruce_fence":11,"vampirism:vampire_orchid":1,"botania:orange_mushroom":1,"minecraft:birch_slab":4,"minecraft:spruce_leaves":22,"minecraft:sandstone":1,"minecraft:large_fern":11,"minecraft:hay_block":14,"botania:purple_mushroom":1,"minecraft:redstone_ore":1,"botania:magenta_mystical_flower":2,"minecraft:oak_trapdoor":5,"minecraft:carrots":10,"iceandfire:copper_ore":5,"botania:white_mushroom":1,"minecraft:andesite":20,"minecraft:stripped_spruce_log":2,"minecraft:gold_block":3,"minecraft:nether_brick_fence":22,"minecraft:mossy_stone_brick_stairs":9,"minecraft:bookshelf":6,"minecraft:potatoes":5,"minecraft:cobblestone_slab":1,"minecraft:vine":167,"minecraft:lantern":2,"byg:rocky_stone":39,"securitycraft:cobblestone_mine":7,"botania:light_blue_double_flower":1,"minecraft:stone":336,"iceandfire:podium_spruce":1,"minecraft:oak_slab":3,"byg:reeds":1,"minecraft:redstone_block":8,"minecraft:soul_sand":2,"vampirism:cursed_spruce_log":27,"travelersbackpack:standard":1,"minecraft:oak_fence":1,"minecraft:crafting_table":1,"minecraft:lectern":1,"minecraft:tall_grass":29,"minecraft:lapis_ore":8,"minecraft:diorite":11,"byg:scoria_stone":4,"minecraft:cobblestone_wall":2,"minecraft:sweet_berry_bush":2,"minecraft:spruce_log":71,"vampirism:cursed_roots":1,"securitycraft:dirt_mine":1,"minecraft:red_wall_banner":4,"minecraft:bee_nest":1,"minecraft:grass_path":2,"iceandfire:silver_pile":3,"minecraft:coal_ore":50,"minecraft:sunflower":1,"minecraft:gravel":24,"minecraft:brown_terracotta":15,"minecraft:cobweb":21,"minecraft:cracked_stone_bricks":25,"minecraft:stone_bricks":23,"minecraft:mossy_stone_bricks":23,"minecraft:gold_ore":33,"minecraft:chipped_anvil":2,"minecraft:fern":1},"minecraft:picked_up":{"minecraft:iron_chestplate":4,"minecraft:wheat":29,"minecraft:chainmail_boots":6,"minecraft:nether_brick_fence":21,"minecraft:redstone_block":8,"iceandfire:copper_ore":5,"vampirism:throne":1,"minecraft:lead":1,"minecraft:diamond_sword":1,"minecraft:oak_stairs":2,"minecraft:enchanted_book":3,"minecraft:potion":5,"minecraft:golden_shovel":1,"minecraft:stone_brick_stairs":4,"botania:light_blue_mushroom":2,"minecraft:brewing_stand":1,"vampirism:pure_salt_water":1,"minecraft:music_disc_cat":64,"minecraft:string":78,"minecraft:smooth_stone_slab":3,"minecraft:red_nether_bricks":11,"minecraft:iron_leggings":8,"curios:ring":1,"vampirism:obi_belt":1,"minecraft:gold_nugget":18,"travelersbackpack:enderman":1,"minecraft:spruce_planks":16,"minecraft:cobblestone_slab":1,"minecraft:coal_block":3,"minecraft:iron_boots":5,"minecraft:diamond_ore":20,"byg:zelkova_sapling":1,"minecraft:tipped_arrow":20,"minecraft:golden_helmet":4,"minecraft:stick":7,"byg:reeds":1,"minecraft:jukebox":1,"minecraft:brown_terracotta":15,"minecraft:oak_fence":1,"minecraft:torch":69,"minecraft:porkchop":15,"tombstone:grave_dust":53,"vampirism:vampire_fang":23,"minecraft:diorite":10,"vampirism:amulet":2,"byg:cattail":1,"minecraft:golden_chestplate":7,"minecraft:quartz_block":1,"vampirism:blood_bottle":1,"minecraft:rotten_flesh":186,"vampirism:pure_blood_2":1,"occultism:copper_ore":23,"minecraft:bookshelf":1,"chococraft:chocobo_drumstick_raw":3,"minecraft:obsidian":1,"minecraft:iron_bars":16,"minecraft:cobblestone":301,"occultism:datura_seeds":44,"minecraft:magma_block":2,"minecraft:leather_chestplate":6,"minecraft:feather":1,"vampirism:med_chair":1,"minecraft:iron_door":1,"minecraft:andesite":32,"minecraft:golden_leggings":6,"occultism:silver_ore":9,"minecraft:potato":15,"vampirism:stake":1,"minecraft:flint":2,"botania:magenta_mushroom":1,"minecraft:lapis_lazuli":236,"minecraft:dirt":1007,"minecraft:lantern":8,"securitycraft:sentry":1,"minecraft:leather_boots":3,"minecraft:bone":163,"minecraft:chipped_anvil":2,"minecraft:bow":4,"minecraft:wheat_seeds":133,"securitycraft:cobblestone_mine":6,"byg:blueberries":5,"botania:gray_mushroom":1,"minecraft:bell":1,"minecraft:mossy_stone_bricks":9,"minecraft:diamond_helmet":2,"minecraft:oak_planks":42,"minecraft:mossy_stone_brick_stairs":5,"vampirism:cursed_spruce_log":23,"vampirism:dark_spruce_sapling":2,"securitycraft:dirt_mine":2,"iceandfire:podium_spruce":1,"minecraft:oak_pressure_plate":1,"minecraft:sand":127,"minecraft:stripped_spruce_log":3,"minecraft:nether_brick_stairs":4,"minecraft:ink_sac":3,"minecraft:grass_block":1,"minecraft:mossy_cobblestone":24,"vampirism:pure_blood_0":2,"minecraft:dispenser":1,"minecraft:diamond":17,"minecraft:soul_lantern":3,"botania:orange_mushroom":1,"minecraft:granite":38,"minecraft:golden_apple":2,"minecraft:chainmail_helmet":1,"iceandfire:gorgon_head":2,"minecraft:oak_sapling":3,"minecraft:netherrack":5,"iceandfire:silver_nugget":10,"minecraft:diamond_pickaxe":1,"minecraft:coarse_dirt":1,"byg:soapstone":28,"minecraft:chicken":1,"iceandfire:witherbone":22,"botania:white_mushroom":2,"vampirism:dark_spruce_log":26,"minecraft:golden_pickaxe":1,"minecraft:leather_leggings":3,"minecraft:brown_mushroom":1,"minecraft:gold_block":2,"minecraft:shield":2,"minecraft:cornflower":1,"minecraft:oak_trapdoor":2,"minecraft:iron_axe":2,"minecraft:iron_shovel":1,"botania:magenta_mystical_flower":4,"minecraft:cracked_stone_bricks":45,"iceandfire:bestiary":1,"byg:zelkova_log":3,"curios:amulet":1,"minecraft:beef":7,"minecraft:observer":1,"minecraft:spruce_slab":1,"minecraft:lectern":1,"minecraft:sugar_cane":5,"minecraft:spruce_trapdoor":2,"occultism:dictionary_of_spirits":1,"minecraft:sandstone":1,"minecraft:stone":132,"botania:purple_mushroom":1,"minecraft:spruce_fence":13,"minecraft:carrot":35,"minecraft:redstone":4,"minecraft:stone_pressure_plate":1,"minecraft:dark_oak_planks":138,"minecraft:tnt":1,"minecraft:arrow":126,"botania:lime_mystical_flower":4,"occultism:spawn_egg/familiar_chimera":1,"minecraft:nether_bricks":76,"botania:blue_mystical_flower":1,"minecraft:diamond_boots":3,"minecraft:hay_block":14,"securitycraft:reinforced_stone_bricks":6,"tombstone:essence_of_undeath":1,"minecraft:mutton":15,"minecraft:skeleton_skull":1,"minecraft:white_wool":12,"byg:rocky_stone":41,"minecraft:rail":5,"minecraft:oxeye_daisy":1,"minecraft:lapis_ore":4,"curios:knuckles":1,"vampirism:vampire_blood_bottle":35,"minecraft:leather":4,"iceandfire:stone_statue":1,"minecraft:oak_log":9,"minecraft:cobblestone_wall":2,"minecraft:nether_wart_block":2,"minecraft:gunpowder":41,"minecraft:cobblestone_stairs":3,"botania:red_mushroom":1,"botania:black_mystical_flower":1,"occultism:spawn_egg/familiar_blacksmith":1,"chococraft:chocobo_feather":4,"byg:scoria_cobblestone":4,"vampirism:human_heart":10,"minecraft:apple":29,"minecraft:stone_bricks":20,"minecraft:iron_ingot":1,"minecraft:iron_ore":78,"minecraft:cobweb":2,"securitycraft:universal_block_reinforcer_lvl1":1,"tombstone:bag_of_seeds":1,"minecraft:glass_bottle":3,"minecraft:iron_sword":4,"minecraft:soul_sand":3,"minecraft:book":18,"minecraft:oak_slab":13,"iceandfire:copper_nugget":14,"securitycraft:reinforced_mossy_stone_bricks":64,"minecraft:sweet_berries":18,"minecraft:stone_brick_slab":3,"minecraft:dandelion":3,"minecraft:gravel":77,"minecraft:spruce_sapling":4,"minecraft:red_banner":5,"minecraft:spruce_log":44,"minecraft:gold_ore":34,"minecraft:spider_eye":10,"minecraft:spruce_door":1,"minecraft:leather_helmet":3,"minecraft:diamond_shovel":1,"minecraft:coal_ore":5,"minecraft:slime_ball":3,"minecraft:chainmail_leggings":7,"minecraft:iron_helmet":3,"minecraft:redstone_ore":1,"minecraft:diamond_axe":1,"minecraft:mossy_cobblestone_stairs":6,"minecraft:oak_button":1,"vampirism:vampire_orchid":1,"tombstone:magic_scroll":6,"minecraft:black_wool":1,"minecraft:coal":41,"minecraft:sunflower":1,"minecraft:ender_pearl":4},"minecraft:used":{"minecraft:oak_sign":44,"minecraft:polished_blackstone":52,"minecraft:spruce_slab":1,"minecraft:ladder":13,"minecraft:shield":67,"minecraft:chest":17,"minecraft:stone":94,"minecraft:iron_sword":1607,"minecraft:bell":1,"minecraft:rotten_flesh":6,"minecraft:soul_sand":1,"minecraft:mutton":1,"minecraft:nether_bricks":98,"minecraft:carrot":19,"minecraft:acacia_sapling":1,"minecraft:acacia_button":2,"minecraft:stripped_spruce_log":1,"minecraft:polished_blackstone_slab":7,"minecraft:lantern":36,"minecraft:grass_block":243,"minecraft:dark_oak_slab":1,"minecraft:stone_bricks":3,"chococraft:straw":1,"minecraft:item_frame":2,"minecraft:bow":19,"minecraft:hay_block":5,"minecraft:oak_sapling":6,"minecraft:sweet_berries":7,"minecraft:furnace":3,"minecraft:gold_block":4,"minecraft:potato":9,"travelersbackpack:enderman":1,"minecraft:dark_oak_sapling":29,"chococraft:black_chocobo_spawn_egg":2,"minecraft:dark_oak_stairs":5,"minecraft:spruce_door":4,"minecraft:oak_planks":31,"occultism:datura_seeds":2,"minecraft:ender_pearl":7,"minecraft:mossy_stone_brick_stairs":1,"vampirism:human_heart":1,"minecraft:sugar_cane":4,"minecraft:diamond_axe":117,"minecraft:white_wool":2,"minecraft:golden_apple":5,"iceandfire:podium_spruce":3,"minecraft:sand":1,"minecraft:sponge":2,"vampirism:stake":393,"byg:cypress_sapling":1,"botania:terra_pick":1,"byg:blueberries":8,"occultism:debug_djinni_test":1,"minecraft:bread":46,"minecraft:lectern":1,"minecraft:soul_lantern":51,"minecraft:oak_pressure_plate":3,"minecraft:gravel":1,"minecraft:blackstone_slab":2,"botania:elementium_shovel":3,"vampirism:hunter_trainer_spawn_egg":1,"securitycraft:mine":1,"minecraft:diamond_sword":1,"chococraft:gold_chocobo_spawn_egg":1,"minecraft:fire_charge":2,"minecraft:grindstone":6,"botania:magenta_mystical_flower":2,"chococraft:gysahl_green":1,"minecraft:smooth_stone_slab":1,"vampirism:med_chair":2,"minecraft:coarse_dirt":1,"minecraft:golden_pickaxe":5,"minecraft:bone_meal":345,"minecraft:oak_fence":6,"minecraft:iron_bars":1,"minecraft:polished_blackstone_brick_slab":1,"minecraft:enchanting_table":1,"minecraft:armor_stand":1,"occultism:copper_ore":9,"byg:zelkova_sapling":1,"minecraft:spruce_planks":97,"minecraft:ender_chest":1,"botania:black_mystical_flower":1,"iceandfire:copper_ore":1,"minecraft:torch":465,"minecraft:anvil":6,"minecraft:dirt":345,"minecraft:white_carpet":1,"iceandfire:pixie_dust":1,"minecraft:spruce_stairs":7,"vampirism:throne":3,"minecraft:spruce_fence":181,"minecraft:dark_oak_planks":228,"minecraft:wooden_axe":1,"minecraft:chipped_anvil":2,"minecraft:bookshelf":41,"botania:blue_mystical_flower":1,"minecraft:iron_axe":234,"iceandfire:stone_statue":1,"minecraft:barrel":12,"occultism:spawn_egg/familiar_chimera":1,"occultism:debug_foliot_cleaner":1,"securitycraft:sentry":11,"chococraft:yellow_chocobo_spawn_egg":1,"vampirism:dark_spruce_log":104,"securitycraft:dirt_mine":1,"tombstone:gift":8,"valhelsia_structures:brazier":1,"byg:nightshade_sapling":1,"minecraft:cooked_beef":1,"minecraft:golden_axe":16,"minecraft:wheat_seeds":24,"minecraft:water_bucket":93,"tombstone:scroll_of_knowledge":2,"minecraft:iron_ore":3,"minecraft:cobblestone_stairs":2,"minecraft:red_nether_bricks":4,"minecraft:brown_mushroom":1,"byg:rocky_stone":16,"minecraft:cobblestone_slab":27,"minecraft:cracked_stone_bricks":12,"securitycraft:cobblestone_mine":11,"minecraft:tnt":10,"minecraft:crafting_table":5,"minecraft:oak_slab":60,"byg:green_enchanted_sapling":1,"minecraft:campfire":4,"minecraft:spruce_log":64,"minecraft:cake":1,"minecraft:smoker":1,"minecraft:oak_log":1,"minecraft:diamond_pickaxe":1,"minecraft:apple":35,"minecraft:diamond_shovel":920,"minecraft:sunflower":1,"minecraft:spruce_trapdoor":15,"minecraft:iron_pickaxe":1163,"minecraft:oak_button":1,"byg:soapstone":51,"tombstone:magic_scroll":6,"minecraft:spruce_sapling":1,"byg:ebony_sapling":1,"vampirism:cursed_spruce_log":24,"travelersbackpack:standard":1,"minecraft:cobblestone":251,"minecraft:potion":9,"minecraft:bucket":7,"vampirism:item_tent_spawner":2,"botania:lime_floating_flower":1,"minecraft:red_banner":4,"minecraft:stripped_oak_log":12},"minecraft:broken":{"vampirism:armor_of_swiftness_head_ultimate":1,"minecraft:iron_leggings":1,"curios:crown":1,"minecraft:chainmail_leggings":1,"vampirism:armor_of_swiftness_chest_normal":1,"vampirism:stake":5,"minecraft:chainmail_helmet":1,"minecraft:golden_axe":1},"minecraft:killed":{"vampirism:vampire":80,"minecraft:cave_spider":27,"vampirism:advanced_vampire":2,"iceandfire:gorgon":2,"minecraft:spider":37,"minecraft:skeleton":99,"vampirism:blinding_bat":5,"minecraft:bee":1,"minecraft:chicken":1,"vampirism:advanced_hunter":1,"minecraft:piglin_brute":13,"occultism:chimera_familiar":1,"vampirism:vampire_baron":3,"minecraft:pig":7,"minecraft:iron_golem":1,"minecraft:creeper":28,"vampirism:hunter":11,"minecraft:sheep":12,"occultism:foliot":1,"minecraft:pillager":2,"minecraft:zombie":195,"minecraft:stray":38,"minecraft:cow":4,"chococraft:chocobo":4,"minecraft:slime":5,"minecraft:phantom":2,"minecraft:drowned":24,"vampirism:villager_converted":1,"occultism:djinni":1,"minecraft:bat":1,"minecraft:squid":1,"minecraft:wither_skeleton":36,"minecraft:villager":3,"minecraft:enderman":4},"minecraft:custom":{"minecraft:interact_with_crafting_table":11,"minecraft:open_barrel":108,"minecraft:bell_ring":36,"minecraft:eat_cake_slice":11,"minecraft:leave_game":46,"minecraft:time_since_death":535820,"minecraft:damage_resisted":3,"minecraft:sprint_one_cm":1289379,"minecraft:drop":353,"minecraft:talked_to_villager":24,"minecraft:deaths":9,"minecraft:jump":6060,"minecraft:walk_on_water_one_cm":68113,"minecraft:enchant_item":32,"minecraft:interact_with_furnace":32,"minecraft:traded_with_villager":1,"minecraft:play_one_minute":755386,"minecraft:sleep_in_bed":4,"minecraft:open_enderchest":1,"tombstone:sneak_grave":1,"minecraft:damage_dealt":139550,"minecraft:crouch_one_cm":197798,"tombstone:undead_killed":396,"tombstone:villager_killed":4,"minecraft:interact_with_smoker":5,"minecraft:horse_one_cm":7223,"minecraft:interact_with_anvil":20,"minecraft:mob_kills":665,"minecraft:damage_dealt_resisted":244496,"minecraft:climb_one_cm":62538,"minecraft:walk_one_cm":1466586,"vampirism:capture_village":1,"minecraft:damage_dealt_absorbed":48,"minecraft:sneak_time":63850,"minecraft:walk_under_water_one_cm":96411,"minecraft:interact_with_blast_furnace":6,"vampirism:win_village_capture":1,"tombstone:raider_killed":4,"minecraft:pot_flower":3,"minecraft:interact_with_stonecutter":2,"minecraft:time_since_rest":114040,"minecraft:damage_absorbed":212,"minecraft:damage_taken":2147483647,"tombstone:cast_on_ally":0,"minecraft:swim_one_cm":92171,"minecraft:fly_one_cm":1870678,"minecraft:open_chest":329,"minecraft:fall_one_cm":141096},"minecraft:killed_by":{"minecraft:pillager":1,"minecraft:spider":1,"mowziesmobs:ferrous_wroughtnaut":1,"iceandfire:gorgon":5},"minecraft:dropped":{"minecraft:gold_ore":3,"minecraft:iron_sword":3,"occultism:datura_seeds":14,"minecraft:soul_sand":1,"minecraft:porkchop":1,"vampirism:stake":7,"minecraft:lapis_lazuli":192,"minecraft:oak_pressure_plate":1,"vampirism:human_heart":2,"minecraft:glass_bottle":11,"minecraft:diamond":6,"minecraft:mossy_stone_brick_stairs":1,"minecraft:cracked_stone_bricks":16,"travelersbackpack:standard":1,"minecraft:rail":1,"minecraft:leather_helmet":1,"minecraft:music_disc_13":1,"minecraft:flint":2,"minecraft:dirt":1,"minecraft:dispenser":1,"minecraft:mutton":4,"occultism:spawn_egg/familiar_chimera":1,"botania:light_blue_mushroom":1,"minecraft:sand":4,"minecraft:iron_pickaxe":1,"minecraft:dark_oak_planks":132,"byg:scoria_cobblestone":4,"botania:magenta_mushroom":1,"minecraft:bone":2,"minecraft:gravel":12,"securitycraft:portable_radar":1,"minecraft:stone_axe":1,"botania:white_mushroom":1,"minecraft:sugar_cane":1,"minecraft:golden_chestplate":5,"minecraft:wheat":2,"minecraft:rotten_flesh":117,"minecraft:oak_planks":16,"minecraft:cooked_mutton":3,"occultism:spawn_egg/familiar_blacksmith":1,"minecraft:carrot":3,"minecraft:chainmail_chestplate":1,"vampirism:soul_orb_vampire":17,"minecraft:leather_chestplate":1,"minecraft:tipped_arrow":1,"minecraft:gunpowder":21,"vampirism:vampire_blood_bottle":22,"vampirism:vampire_fang":5,"minecraft:leather_boots":1,"minecraft:chainmail_boots":1,"occultism:dictionary_of_spirits":1,"minecraft:leather_leggings":2,"minecraft:spruce_slab":1,"minecraft:iron_ore":65,"minecraft:red_nether_bricks":8,"minecraft:beef":6,"iceandfire:manuscript":1,"minecraft:enchanted_book":2,"minecraft:iron_ingot":1,"minecraft:bread":57,"usefulbackpacks:backpack_medium":1,"minecraft:oak_slab":9,"curios:amulet":1,"minecraft:wheat_seeds":53,"occultism:copper_ore":1,"curios:knuckles":1,"minecraft:mossy_cobblestone":2,"minecraft:iron_helmet":5,"minecraft:cobblestone":43,"minecraft:book":2,"minecraft:observer":1,"minecraft:apple":76,"minecraft:granite":1,"minecraft:chainmail_helmet":1,"minecraft:grass_block":1,"minecraft:coal":40,"minecraft:golden_apple":13,"minecraft:diorite":1,"minecraft:golden_carrot":3,"minecraft:ink_sac":3,"minecraft:torch":72,"minecraft:nether_wart_block":1,"minecraft:diamond_helmet":1,"minecraft:potion":7,"minecraft:brown_terracotta":15,"minecraft:iron_leggings":5,"minecraft:oak_stairs":2,"minecraft:iron_axe":2,"minecraft:chainmail_leggings":3,"minecraft:string":48,"curios:ring":1,"minecraft:music_disc_cat":129,"minecraft:redstone":3,"minecraft:dandelion":2,"vampirism:injection_garlic":1,"minecraft:spruce_sapling":1,"minecraft:redstone_block":7,"minecraft:sweet_berries":15,"minecraft:oak_trapdoor":2,"minecraft:cobblestone_wall":2,"minecraft:smooth_stone_slab":2,"chococraft:chocobo_feather":2,"minecraft:red_banner":1,"minecraft:chicken":1,"minecraft:iron_boots":4,"minecraft:nether_bricks":4,"minecraft:spruce_fence":7,"minecraft:diamond_sword":2,"minecraft:potato":29,"minecraft:shield":1,"minecraft:oak_button":1,"minecraft:spruce_planks":7,"minecraft:iron_chestplate":2,"minecraft:diamond_pickaxe":1,"minecraft:andesite":8,"minecraft:mossy_stone_bricks":3,"minecraft:golden_leggings":2,"minecraft:spider_eye":4,"minecraft:stone_bricks":1,"minecraft:sandstone":1,"minecraft:bow":1,"securitycraft:universal_block_reinforcer_lvl1":1,"botania:lime_mystical_flower":2,"botania:magenta_mystical_flower":2}},"DataVersion":2586}