{"stats":{"minecraft:crafted":{"minecraft:crafting_table":1,"minecraft:furnace":1,"minecraft:birch_planks":8,"minecraft:air":0,"minecraft:charcoal":3,"minecraft:stick":8,"minecraft:iron_ingot":1,"minecraft:iron_pickaxe":1,"minecraft:stone_pickaxe":2},"minecraft:custom":{"minecraft:interact_with_furnace":6,"minecraft:mob_kills":3,"minecraft:interact_with_crafting_table":8,"minecraft:open_barrel":3,"minecraft:leave_game":1,"minecraft:time_since_death":19502,"minecraft:sleep_in_bed":1,"minecraft:time_since_rest":19531,"minecraft:sprint_one_cm":41193,"minecraft:damage_taken":345,"minecraft:walk_one_cm":88940,"minecraft:drop":5,"minecraft:damage_dealt":321,"minecraft:fly_one_cm":27203,"minecraft:open_chest":4,"minecraft:crouch_one_cm":3332,"minecraft:play_time":32713,"minecraft:deaths":1,"minecraft:sneak_time":3673,"minecraft:walk_under_water_one_cm":383,"minecraft:jump":238,"minecraft:walk_on_water_one_cm":2090,"minecraft:total_world_time":32713,"minecraft:fall_one_cm":3985},"minecraft:used":{"minecraft:stone_pickaxe":203,"minecraft:stone_hoe":4,"minecraft:white_wool":1,"minecraft:dirt":16,"minecraft:crafting_table":1,"minecraft:granite":6,"minecraft:iron_pickaxe":58,"minecraft:light_gray_wool":1,"minecraft:furnace":1},"minecraft:dropped":{"minecraft:iron_ingot":2,"eternal_tales:petrified_log":2,"minecraft:leather":1,"minecraft:dandelion":1},"minecraft:broken":{"minecraft:stone_pickaxe":1},"minecraft:picked_up":{"minecraft:birch_log":2,"eternal_tales:karst_stone":1,"minecraft:chicken":1,"minecraft:leather":2,"minecraft:dirt":26,"minecraft:raw_copper":9,"man:cassette_1safetyinstructions":1,"minecraft:bone":2,"minecraft:cobbled_deepslate":48,"minecraft:raw_gold":2,"minecraft:beef":1,"minecraft:iron_ingot":4,"eternal_tales:brown_rose":1,"eternal_tales:limestone_rock":3,"minecraft:light_gray_wool":1,"eternal_tales:salt":88,"eternal_tales:starter_kit":1,"minecraft:stick":4,"minecraft:raw_iron":8,"eternal_tales:latit":5,"minecraft:dandelion":1,"eternal_tales:petrified_log":5,"eternal_tales:raw_quinine":12,"minecraft:diorite":3,"eternal_tales:salt_beef":1,"minecraft:arrow":1,"minecraft:rotten_flesh":1,"minecraft:granite":14,"minecraft:oak_sapling":1,"eternal_tales:raw_chlorine":6,"minecraft:white_wool":1,"minecraft:cobblestone":111},"minecraft:killed_by":{"minecraft:player":1},"minecraft:mined":{"eternal_tales:salt_block":25,"eternal_tales:petrified_log":6,"minecraft:granite":15,"eternal_tales:karst_stone":1,"minecraft:grass_block":4,"minecraft:copper_ore":2,"eternal_tales:deepslate_quinine_ore":5,"minecraft:deepslate_gold_ore":2,"minecraft:diorite":4,"minecraft:birch_log":1,"minecraft:iron_ore":4,"minecraft:grass":2,"minecraft:deepslate_iron_ore":5,"minecraft:dirt":6,"eternal_tales:latit":12,"eternal_tales:chlorine_ore":6,"eternal_tales:limestone":5,"minecraft:stone":119,"minecraft:deepslate":60},"minecraft:killed":{"minecraft:zombie":1,"minecraft:cow":1}},"DataVersion":3465}