{"stats":{"minecraft:crafted":{"minecraft:crafting_table":1,"minecraft:furnace":1,"minecraft:birch_planks":8,"minecraft:air":0,"minecraft:charcoal":3,"minecraft:stick":8,"minecraft:iron_ingot":1,"minecraft:iron_pickaxe":1,"minecraft:stone_pickaxe":2,"minecraft:redstone_torch":1},"minecraft:custom":{"minecraft:interact_with_furnace":6,"minecraft:mob_kills":3,"minecraft:interact_with_crafting_table":13,"minecraft:open_barrel":3,"minecraft:leave_game":1,"minecraft:time_since_death":9702,"minecraft:sleep_in_bed":1,"minecraft:time_since_rest":9731,"minecraft:sprint_one_cm":68483,"minecraft:damage_taken":1080,"minecraft:walk_one_cm":140285,"minecraft:drop":10,"minecraft:damage_dealt":570,"minecraft:fly_one_cm":39032,"minecraft:open_chest":7,"minecraft:crouch_one_cm":6166,"minecraft:play_time":50486,"minecraft:deaths":3,"minecraft:sneak_time":6012,"minecraft:walk_under_water_one_cm":383,"minecraft:jump":388,"minecraft:walk_on_water_one_cm":2090,"minecraft:total_world_time":50486,"minecraft:fall_one_cm":6497},"minecraft:used":{"minecraft:stone_pickaxe":210,"minecraft:rotten_flesh":1,"minecraft:stone_hoe":4,"minecraft:white_wool":1,"minecraft:dirt":16,"eternal_tales:limestone_rock":3,"minecraft:crafting_table":1,"minecraft:tuff":1,"minecraft:granite":6,"eternal_tales:salt_beef":1,"minecraft:redstone_torch":1,"minecraft:chicken":1,"minecraft:iron_pickaxe":233,"minecraft:light_gray_wool":1,"minecraft:cobblestone":12,"minecraft:furnace":1,"minecraft:cooked_beef":1},"minecraft:dropped":{"minecraft:iron_ingot":2,"minecraft:diamond":3,"eternal_tales:petrified_log":2,"eternal_tales:starter_kit":1,"eternal_tales:infected_shrimp_food":1,"minecraft:leather":1,"minecraft:dandelion":1},"minecraft:broken":{"minecraft:stone_pickaxe":1,"minecraft:iron_pickaxe":1},"minecraft:picked_up":{"minecraft:birch_log":2,"eternal_tales:karst_stone":3,"minecraft:cooked_beef":1,"minecraft:chicken":2,"minecraft:leather":2,"minecraft:tuff":22,"create:raw_zinc":18,"minecraft:string":2,"minecraft:dirt":46,"minecraft:raw_copper":18,"man:cassette_1safetyinstructions":2,"minecraft:bone":4,"eternal_tales:infected_meat":3,"minecraft:cobbled_deepslate":329,"minecraft:raw_gold":15,"minecraft:stone_pickaxe":1,"minecraft:beef":1,"eternal_tales:brown_rose":2,"minecraft:iron_ingot":4,"eternal_tales:limestone_rock":6,"minecraft:iron_pickaxe":3,"minecraft:light_gray_wool":1,"eternal_tales:salt":267,"eternal_tales:starter_kit":1,"minecraft:stick":6,"minecraft:raw_iron":9,"eternal_tales:infected_shrimp_food":1,"eternal_tales:latit":10,"minecraft:dandelion":1,"eternal_tales:petrified_log":5,"eternal_tales:raw_quinine":48,"minecraft:diorite":6,"minecraft:redstone":98,"eternal_tales:bronze_coin":15,"eternal_tales:salt_beef":1,"minecraft:arrow":2,"minecraft:rotten_flesh":2,"minecraft:diamond":3,"minecraft:granite":14,"minecraft:oak_sapling":2,"eternal_tales:raw_chlorine":13,"minecraft:white_wool":1,"minecraft:cobblestone":304},"minecraft:killed_by":{"minecraft:player":1,"minecraft:creeper":1,"eternal_tales:infected_shrimp":1},"minecraft:mined":{"minecraft:deepslate_redstone_ore":11,"eternal_tales:salt_block":25,"create:deepslate_zinc_ore":9,"minecraft:tuff":20,"minecraft:deepslate_diamond_ore":2,"eternal_tales:petrified_log":6,"minecraft:glow_lichen":1,"minecraft:granite":15,"eternal_tales:karst_stone":1,"minecraft:grass_block":4,"minecraft:cobblestone":9,"eternal_tales:deepslate_quinine_ore":16,"minecraft:copper_ore":2,"minecraft:deepslate_gold_ore":5,"minecraft:diorite":4,"minecraft:birch_log":1,"minecraft:iron_ore":4,"minecraft:grass":2,"minecraft:deepslate_iron_ore":5,"minecraft:dirt":6,"eternal_tales:latit":12,"eternal_tales:chlorine_ore":6,"eternal_tales:limestone":5,"minecraft:stone":119,"minecraft:deepslate":151},"minecraft:killed":{"minecraft:zombie":1,"minecraft:cow":1}},"DataVersion":3465}