{"stats":{"minecraft:crafted":{"minecraft:brown_dye":1},"minecraft:killed":{"minecraft:sheep":2},"minecraft:picked_up":{"occultism:datura_seeds":4,"byg:reeds":1,"byg:cattail":1,"minecraft:cornflower":1,"minecraft:dirt":1,"botania:black_mystical_flower":1,"minecraft:wheat_seeds":4,"minecraft:hay_block":5,"minecraft:sugar_cane":4,"minecraft:mutton":4,"minecraft:white_wool":2},"minecraft:used":{"botania:terra_pick":1,"minecraft:oak_fence":6,"minecraft:lantern":4,"minecraft:grass_block":200,"minecraft:spruce_slab":1,"minecraft:bread":3,"minecraft:oak_sign":1,"botania:black_mystical_flower":1,"minecraft:barrel":3,"minecraft:sugar_cane":4,"botania:elementium_shovel":3,"minecraft:white_wool":1,"minecraft:dirt":1,"minecraft:mutton":1,"minecraft:hay_block":5,"minecraft:oak_slab":17,"vampirism:item_tent_spawner":2,"minecraft:crafting_table":3,"minecraft:furnace":2,"minecraft:spruce_stairs":7,"minecraft:spruce_fence":141,"minecraft:smoker":1},"minecraft:custom":{"minecraft:time_since_rest":29428,"minecraft:sprint_one_cm":52265,"minecraft:damage_taken":316,"minecraft:walk_one_cm":57622,"minecraft:mob_kills":2,"minecraft:drop":1,"minecraft:damage_dealt":192,"minecraft:talked_to_villager":9,"minecraft:fly_one_cm":168822,"minecraft:open_barrel":3,"minecraft:open_chest":5,"minecraft:crouch_one_cm":3767,"minecraft:play_one_minute":29428,"minecraft:bell_ring":4,"minecraft:sneak_time":1434,"minecraft:jump":372,"minecraft:time_since_death":29428,"minecraft:walk_on_water_one_cm":200,"minecraft:climb_one_cm":3334,"minecraft:fall_one_cm":10457,"minecraft:horse_one_cm":6257},"minecraft:dropped":{"minecraft:grass_block":1},"minecraft:mined":{"minecraft:hay_block":5,"byg:reeds":1,"byg:cattail":1,"minecraft:torch":1,"minecraft:grass":3,"minecraft:grass_block":1,"botania:black_double_flower":1,"minecraft:sugar_cane":3,"minecraft:oak_leaves":1,"botania:black_mystical_flower":1}},"DataVersion":2586}