{"stats":{"minecraft:killed":{"vampirism:vampire":4,"iceandfire:gorgon":1,"minecraft:spider":8,"minecraft:skeleton":7,"minecraft:chicken":1,"minecraft:drowned":1,"minecraft:pig":6,"minecraft:bat":1,"minecraft:creeper":3,"minecraft:sheep":4,"minecraft:pillager":2,"minecraft:zombie":26,"chococraft:chocobo":1},"minecraft:dropped":{"minecraft:iron_ingot":1,"occultism:datura_seeds":7,"curios:amulet":1,"minecraft:wheat_seeds":7,"occultism:copper_ore":1,"curios:knuckles":1,"minecraft:cobblestone":13,"minecraft:grass_block":1,"minecraft:leather_helmet":1,"minecraft:flint":2,"minecraft:dirt":1,"minecraft:oak_stairs":2,"minecraft:sand":4,"curios:ring":1,"minecraft:spruce_sapling":1,"minecraft:gravel":12,"minecraft:sweet_berries":15,"minecraft:oak_trapdoor":2,"minecraft:golden_chestplate":3,"minecraft:cobblestone_wall":2,"minecraft:wheat":2,"minecraft:red_banner":1,"minecraft:chicken":1,"minecraft:rotten_flesh":14,"minecraft:oak_planks":3,"minecraft:iron_boots":1,"minecraft:cooked_mutton":3,"minecraft:spruce_fence":6,"minecraft:potato":29,"minecraft:spruce_planks":7,"minecraft:andesite":7,"minecraft:spider_eye":1,"minecraft:spruce_slab":1,"minecraft:iron_ore":3,"minecraft:sandstone":1,"botania:magenta_mystical_flower":2},"minecraft:used":{"minecraft:oak_fence":6,"minecraft:spruce_slab":1,"occultism:copper_ore":9,"minecraft:oak_sign":1,"byg:zelkova_sapling":1,"minecraft:chest":8,"minecraft:spruce_planks":87,"minecraft:stone":50,"minecraft:iron_sword":189,"botania:black_mystical_flower":1,"minecraft:bell":1,"iceandfire:copper_ore":1,"minecraft:torch":108,"minecraft:soul_sand":1,"minecraft:dirt":54,"minecraft:mutton":1,"minecraft:anvil":1,"minecraft:spruce_stairs":7,"minecraft:carrot":14,"minecraft:spruce_fence":144,"minecraft:stripped_spruce_log":1,"minecraft:dark_oak_planks":84,"minecraft:wooden_axe":1,"botania:blue_mystical_flower":1,"minecraft:lantern":7,"minecraft:iron_axe":90,"minecraft:grass_block":200,"minecraft:barrel":12,"minecraft:bow":6,"minecraft:hay_block":5,"minecraft:sweet_berries":7,"minecraft:oak_sapling":3,"minecraft:furnace":2,"minecraft:gold_block":4,"tombstone:gift":7,"minecraft:cooked_beef":1,"minecraft:potato":8,"valhelsia_structures:brazier":1,"minecraft:golden_axe":16,"minecraft:wheat_seeds":20,"minecraft:water_bucket":1,"minecraft:spruce_door":4,"minecraft:oak_planks":23,"occultism:datura_seeds":2,"minecraft:brown_mushroom":1,"minecraft:cobblestone_slab":20,"minecraft:sugar_cane":4,"minecraft:white_wool":1,"minecraft:oak_slab":17,"minecraft:crafting_table":3,"minecraft:campfire":4,"minecraft:spruce_log":64,"minecraft:cake":1,"minecraft:smoker":1,"botania:terra_pick":1,"minecraft:oak_log":1,"byg:blueberries":8,"minecraft:apple":6,"minecraft:sunflower":1,"minecraft:bread":9,"minecraft:iron_pickaxe":138,"minecraft:spruce_trapdoor":10,"minecraft:spruce_sapling":1,"botania:elementium_shovel":3,"minecraft:soul_lantern":50,"minecraft:fire_charge":2,"minecraft:cobblestone":29,"travelersbackpack:standard":1,"vampirism:item_tent_spawner":2,"botania:magenta_mystical_flower":2,"minecraft:red_banner":4,"minecraft:golden_pickaxe":5},"minecraft:killed_by":{"minecraft:spider":1,"minecraft:pillager":1,"mowziesmobs:ferrous_wroughtnaut":1,"iceandfire:gorgon":5},"minecraft:mined":{"minecraft:spruce_planks":2,"minecraft:mossy_cobblestone":1,"occultism:copper_ore":20,"minecraft:oak_door":1,"byg:cattail":2,"minecraft:spruce_trapdoor":1,"minecraft:grass_block":10,"minecraft:spruce_fence":9,"botania:black_double_flower":1,"minecraft:birch_slab":4,"minecraft:spruce_leaves":17,"minecraft:sandstone":1,"minecraft:large_fern":9,"minecraft:hay_block":5,"minecraft:magma_block":2,"botania:magenta_mystical_flower":2,"minecraft:oak_trapdoor":5,"minecraft:carrots":8,"iceandfire:copper_ore":5,"minecraft:iron_ore":3,"minecraft:andesite":9,"minecraft:gold_block":1,"minecraft:potatoes":4,"minecraft:oak_stairs":2,"minecraft:iron_bars":2,"byg:fir_leaves":1,"occultism:silver_ore":3,"botania:light_blue_double_flower":1,"minecraft:stone":36,"minecraft:spruce_slab":1,"byg:reeds":1,"minecraft:brown_mushroom":1,"minecraft:soul_lantern":1,"minecraft:torch":7,"minecraft:tall_grass":16,"minecraft:cobblestone":4,"botania:blue_mystical_flower":1,"minecraft:sugar_cane":3,"minecraft:oak_planks":2,"botania:black_mystical_flower":1,"minecraft:wall_torch":3,"minecraft:skeleton_skull":1,"byg:soapstone":2,"minecraft:cobblestone_wall":2,"minecraft:yellow_wool":1,"minecraft:wheat":27,"minecraft:sweet_berry_bush":1,"minecraft:spruce_log":71,"minecraft:jukebox":1,"minecraft:bee_nest":1,"minecraft:red_wall_banner":4,"minecraft:grass":85,"minecraft:oak_log":6,"minecraft:coal_ore":26,"minecraft:sunflower":1,"minecraft:gravel":4,"minecraft:sand":3,"minecraft:dirt":34,"byg:blueberry_bush":3,"minecraft:cracked_stone_bricks":4,"minecraft:netherrack":1,"minecraft:mossy_stone_bricks":1,"minecraft:oak_leaves":5,"botania:magenta_double_flower":1,"minecraft:fern":1},"minecraft:broken":{"curios:crown":1,"minecraft:chainmail_leggings":1,"minecraft:chainmail_helmet":1,"minecraft:golden_axe":1},"minecraft:picked_up":{"byg:soapstone":2,"minecraft:wheat":19,"minecraft:chicken":1,"iceandfire:copper_ore":5,"minecraft:brown_mushroom":1,"minecraft:oak_stairs":2,"minecraft:cornflower":1,"minecraft:oak_trapdoor":2,"minecraft:string":3,"botania:magenta_mystical_flower":4,"curios:ring":1,"byg:zelkova_log":3,"minecraft:spruce_planks":6,"curios:amulet":1,"minecraft:spruce_slab":1,"minecraft:sugar_cane":4,"minecraft:spruce_trapdoor":1,"byg:zelkova_sapling":1,"minecraft:sandstone":1,"byg:reeds":1,"minecraft:jukebox":1,"minecraft:torch":11,"minecraft:spruce_fence":9,"minecraft:porkchop":14,"vampirism:vampire_fang":1,"minecraft:carrot":23,"minecraft:redstone":1,"byg:cattail":1,"minecraft:golden_chestplate":1,"minecraft:arrow":2,"minecraft:rotten_flesh":14,"minecraft:hay_block":5,"botania:blue_mystical_flower":1,"occultism:copper_ore":20,"chococraft:chocobo_drumstick_raw":1,"minecraft:mutton":7,"minecraft:iron_bars":2,"minecraft:skeleton_skull":1,"minecraft:white_wool":2,"minecraft:cobblestone":37,"curios:knuckles":1,"occultism:datura_seeds":18,"minecraft:magma_block":2,"minecraft:feather":1,"minecraft:andesite":9,"occultism:silver_ore":3,"minecraft:potato":14,"minecraft:oak_log":6,"minecraft:cobblestone_wall":2,"minecraft:gunpowder":3,"minecraft:dirt":75,"botania:black_mystical_flower":1,"chococraft:chocobo_feather":2,"minecraft:bone":3,"minecraft:bow":1,"minecraft:wheat_seeds":73,"byg:blueberries":5,"botania:gray_mushroom":1,"minecraft:bell":1,"minecraft:iron_ore":3,"minecraft:mossy_stone_bricks":1,"minecraft:iron_sword":1,"minecraft:oak_planks":2,"minecraft:sweet_berries":18,"minecraft:stone_brick_slab":3,"minecraft:gravel":12,"minecraft:sand":4,"minecraft:spruce_sapling":4,"minecraft:red_banner":5,"minecraft:spruce_log":44,"minecraft:spruce_door":1,"minecraft:spider_eye":2,"minecraft:mossy_cobblestone":1,"minecraft:soul_lantern":2,"iceandfire:gorgon_head":1,"minecraft:oak_sapling":3,"minecraft:netherrack":1,"minecraft:black_wool":1,"minecraft:coal":25,"minecraft:sunflower":1},"minecraft:custom":{"minecraft:mob_kills":67,"minecraft:interact_with_crafting_table":1,"minecraft:open_barrel":28,"minecraft:bell_ring":34,"minecraft:damage_dealt_resisted":588,"minecraft:eat_cake_slice":8,"minecraft:leave_game":18,"minecraft:time_since_death":38317,"minecraft:climb_one_cm":22747,"minecraft:sprint_one_cm":313628,"minecraft:walk_one_cm":396747,"minecraft:drop":51,"minecraft:talked_to_villager":21,"minecraft:deaths":9,"minecraft:sneak_time":17202,"minecraft:walk_under_water_one_cm":22551,"minecraft:jump":1962,"minecraft:interact_with_blast_furnace":5,"minecraft:walk_on_water_one_cm":16404,"minecraft:interact_with_furnace":14,"tombstone:raider_killed":2,"minecraft:play_one_minute":256939,"minecraft:pot_flower":2,"minecraft:sleep_in_bed":1,"minecraft:time_since_rest":37766,"minecraft:damage_taken":2147483647,"tombstone:sneak_grave":1,"minecraft:damage_dealt":13632,"tombstone:cast_on_ally":0,"minecraft:swim_one_cm":63145,"minecraft:fly_one_cm":815375,"minecraft:open_chest":48,"minecraft:crouch_one_cm":35889,"tombstone:undead_killed":35,"minecraft:interact_with_smoker":3,"minecraft:fall_one_cm":34825,"minecraft:horse_one_cm":6257},"minecraft:crafted":{"minecraft:oak_planks":24,"chococraft:chocobo_drumstick_cooked":1,"byg:zelkova_planks":12,"minecraft:cooked_mutton":3,"minecraft:cooked_porkchop":11,"minecraft:spruce_planks":64,"minecraft:brown_dye":1,"minecraft:spruce_door":9,"minecraft:bread":3,"minecraft:air":0}},"DataVersion":2586}