{"stats":{"minecraft:crafted":{"minecraft:stick":4,"minecraft:stone_pickaxe":1,"minecraft:birch_planks":8},"minecraft:custom":{"minecraft:time_since_rest":3795,"minecraft:sprint_one_cm":37798,"minecraft:damage_taken":285,"minecraft:walk_one_cm":70619,"minecraft:mob_kills":1,"minecraft:drop":2,"minecraft:damage_dealt":150,"minecraft:interact_with_crafting_table":2,"minecraft:fly_one_cm":26797,"minecraft:open_barrel":3,"minecraft:open_chest":3,"minecraft:crouch_one_cm":476,"minecraft:play_time":16977,"minecraft:deaths":1,"minecraft:sneak_time":389,"minecraft:walk_under_water_one_cm":383,"minecraft:jump":200,"minecraft:walk_on_water_one_cm":2090,"minecraft:time_since_death":3766,"minecraft:sleep_in_bed":1,"minecraft:total_world_time":16977,"minecraft:fall_one_cm":3416},"minecraft:dropped":{"minecraft:leather":1,"minecraft:dandelion":1},"minecraft:used":{"minecraft:stone_pickaxe":20,"minecraft:stone_hoe":4,"minecraft:light_gray_wool":1,"minecraft:white_wool":1,"minecraft:dirt":9},"minecraft:picked_up":{"minecraft:birch_log":2,"minecraft:leather":2,"minecraft:dandelion":1,"minecraft:diorite":1,"minecraft:dirt":25,"man:cassette_1safetyinstructions":1,"minecraft:beef":1,"minecraft:light_gray_wool":1,"minecraft:white_wool":1,"minecraft:cobblestone":23},"minecraft:killed_by":{"minecraft:player":1},"minecraft:mined":{"minecraft:birch_log":1,"minecraft:grass":2,"minecraft:grass_block":4,"minecraft:dirt":5,"minecraft:stone":19,"minecraft:diorite":1},"minecraft:killed":{"minecraft:cow":1}},"DataVersion":3465}