{"stats":{"minecraft:killed":{"vampirism:vampire":84,"minecraft:cave_spider":27,"vampirism:advanced_vampire":2,"iceandfire:gorgon":2,"minecraft:skeleton":114,"vampirism:blinding_bat":5,"minecraft:chicken":1,"vampirism:advanced_hunter":1,"occultism:chimera_familiar":1,"vampirism:vampire_baron":3,"minecraft:iron_golem":1,"occultism:foliot":1,"minecraft:pillager":2,"minecraft:zombie":219,"minecraft:cow":4,"chococraft:chocobo":4,"vampirism:villager_converted":1,"occultism:djinni":1,"minecraft:enderman":4,"minecraft:spider":39,"minecraft:bee":1,"minecraft:piglin_brute":13,"minecraft:pig":7,"minecraft:creeper":398,"vampirism:hunter":11,"minecraft:sheep":12,"minecraft:stray":38,"minecraft:blaze":14,"minecraft:slime":5,"minecraft:phantom":3,"minecraft:drowned":24,"iceandfire:troll":2,"minecraft:bat":1,"minecraft:squid":1,"minecraft:wither_skeleton":40,"minecraft:villager":3},"minecraft:dropped":{"minecraft:iron_sword":3,"occultism:datura_seeds":14,"vampirism:human_heart":2,"minecraft:porkchop":1,"botania:orange_mushroom":1,"minecraft:lapis_lazuli":192,"vampirism:stake":7,"minecraft:oak_pressure_plate":1,"minecraft:cooked_beef":2,"minecraft:glass_bottle":11,"minecraft:diamond":6,"minecraft:cooked_porkchop":1,"minecraft:mossy_stone_brick_stairs":1,"minecraft:cracked_stone_bricks":17,"minecraft:rail":1,"minecraft:leather_helmet":1,"minecraft:dirt":2,"occultism:spawn_egg/familiar_chimera":1,"botania:light_blue_mushroom":1,"minecraft:gold_nugget":1,"minecraft:sand":4,"minecraft:iron_pickaxe":1,"minecraft:dark_oak_planks":132,"minecraft:bone":4,"minecraft:stone_axe":1,"botania:white_mushroom":2,"minecraft:sugar_cane":1,"minecraft:cooked_chicken":4,"minecraft:golden_chestplate":5,"minecraft:wheat":2,"minecraft:rotten_flesh":126,"minecraft:oak_planks":17,"occultism:spawn_egg/familiar_blacksmith":1,"minecraft:tipped_arrow":1,"vampirism:vampire_blood_bottle":22,"vampirism:vampire_fang":5,"byg:rocky_stone":1,"minecraft:leather_boots":1,"minecraft:leather_leggings":2,"minecraft:spruce_slab":1,"minecraft:red_nether_bricks":8,"minecraft:beef":6,"minecraft:stone_brick_stairs":2,"iceandfire:manuscript":1,"minecraft:enchanted_book":3,"minecraft:iron_ingot":4,"usefulbackpacks:backpack_medium":1,"curios:amulet":2,"minecraft:wheat_seeds":57,"occultism:copper_ore":1,"minecraft:iron_helmet":5,"minecraft:cobblestone":43,"minecraft:book":2,"minecraft:apple":76,"minecraft:granite":10,"minecraft:chainmail_helmet":1,"minecraft:coal":40,"minecraft:golden_apple":16,"minecraft:golden_carrot":13,"minecraft:ink_sac":3,"minecraft:diamond_helmet":1,"minecraft:potion":7,"minecraft:brown_terracotta":15,"minecraft:oak_stairs":2,"minecraft:chainmail_leggings":3,"minecraft:string":56,"curios:ring":1,"vampirism:injection_garlic":1,"minecraft:spruce_sapling":1,"minecraft:cobblestone_wall":2,"minecraft:smooth_stone_slab":2,"minecraft:red_banner":1,"minecraft:chicken":1,"minecraft:iron_boots":4,"minecraft:nether_bricks":4,"minecraft:spruce_fence":7,"minecraft:pumpkin_seeds":3,"minecraft:diamond_sword":2,"minecraft:potato":29,"minecraft:spruce_planks":7,"minecraft:diamond_pickaxe":1,"minecraft:stone_bricks":1,"minecraft:barrel":1,"minecraft:spider_eye":4,"minecraft:sandstone":1,"minecraft:bow":1,"botania:lime_mystical_flower":2,"minecraft:gold_ore":3,"minecraft:soul_sand":1,"minecraft:brown_mushroom":2,"minecraft:diamond_axe":1,"travelersbackpack:standard":1,"minecraft:music_disc_13":1,"minecraft:flint":2,"minecraft:dispenser":1,"minecraft:mutton":4,"byg:scoria_cobblestone":4,"botania:magenta_mushroom":1,"minecraft:gravel":75,"securitycraft:portable_radar":1,"vampirism:blood_bottle":1,"minecraft:cooked_mutton":3,"minecraft:carrot":3,"minecraft:chainmail_chestplate":1,"minecraft:chiseled_stone_bricks":2,"vampirism:soul_orb_vampire":17,"minecraft:leather_chestplate":1,"minecraft:gunpowder":21,"minecraft:beetroot_seeds":4,"occultism:dictionary_of_spirits":1,"minecraft:chainmail_boots":1,"minecraft:iron_ore":65,"minecraft:arrow":1,"minecraft:spawner":8,"minecraft:water_bucket":1,"minecraft:bread":57,"minecraft:oak_slab":9,"curios:knuckles":1,"minecraft:mossy_cobblestone":8,"minecraft:observer":1,"minecraft:grass_block":1,"minecraft:stick":7,"occultism:silver_ore":6,"minecraft:diorite":3,"minecraft:torch":91,"minecraft:nether_wart_block":1,"minecraft:iron_leggings":5,"minecraft:iron_axe":2,"minecraft:music_disc_cat":129,"minecraft:redstone_block":7,"minecraft:dandelion":2,"minecraft:redstone":3,"botania:purple_mushroom":1,"minecraft:sweet_berries":15,"minecraft:oak_trapdoor":2,"chococraft:chocobo_feather":2,"iceandfire:witherbone":2,"minecraft:shield":1,"minecraft:oak_button":1,"minecraft:diamond_chestplate":1,"minecraft:iron_chestplate":2,"minecraft:andesite":30,"minecraft:mossy_stone_bricks":3,"minecraft:golden_leggings":3,"securitycraft:universal_block_reinforcer_lvl1":1,"botania:magenta_mystical_flower":2},"minecraft:used":{"minecraft:spruce_slab":1,"minecraft:polished_blackstone":52,"minecraft:ladder":13,"minecraft:chest":21,"minecraft:stone":251,"minecraft:rotten_flesh":6,"minecraft:soul_sand":1,"minecraft:acacia_sapling":1,"minecraft:acacia_button":2,"minecraft:stripped_spruce_log":1,"minecraft:polished_blackstone_slab":7,"minecraft:grass_block":243,"minecraft:dark_oak_slab":96,"minecraft:bow":19,"minecraft:sweet_berries":10,"minecraft:furnace":3,"minecraft:oak_sapling":6,"minecraft:egg":5,"minecraft:potato":9,"minecraft:diorite":1,"minecraft:spruce_door":4,"occultism:datura_seeds":2,"minecraft:mossy_stone_brick_stairs":1,"vampirism:human_heart":1,"minecraft:golden_apple":5,"minecraft:sand":1,"byg:blueberries":8,"minecraft:lectern":1,"minecraft:oak_pressure_plate":3,"minecraft:diamond_ore":4,"minecraft:soul_lantern":51,"securitycraft:mine":1,"minecraft:diamond_sword":460,"minecraft:fire_charge":2,"minecraft:oak_trapdoor":10,"minecraft:iron_bars":1,"minecraft:polished_blackstone_brick_slab":1,"minecraft:enchanting_table":1,"minecraft:armor_stand":1,"botania:black_mystical_flower":1,"minecraft:torch":536,"minecraft:anvil":7,"minecraft:chipped_anvil":2,"botania:blue_mystical_flower":1,"minecraft:iron_axe":234,"minecraft:spawner":24,"occultism:spawn_egg/familiar_chimera":1,"minecraft:barrel":20,"chococraft:yellow_chocobo_spawn_egg":1,"minecraft:glowstone":14,"securitycraft:dirt_mine":1,"tombstone:gift":8,"minecraft:golden_axe":16,"byg:nightshade_sapling":1,"minecraft:wheat_seeds":24,"minecraft:water_bucket":126,"byg:rocky_stone":16,"minecraft:gold_ore":70,"minecraft:cracked_stone_bricks":12,"securitycraft:cobblestone_mine":11,"minecraft:oak_slab":60,"minecraft:tnt":10,"minecraft:crafting_table":5,"byg:green_enchanted_sapling":1,"minecraft:campfire":4,"minecraft:cake":1,"minecraft:spruce_log":64,"minecraft:oak_log":1,"minecraft:diamond_pickaxe":108,"minecraft:diamond_shovel":1083,"minecraft:sunflower":1,"byg:mangrove_stairs":53,"minecraft:oak_button":1,"minecraft:iron_pickaxe":1456,"tombstone:magic_scroll":6,"minecraft:spruce_trapdoor":83,"minecraft:spruce_sapling":1,"byg:ebony_sapling":1,"minecraft:chiseled_stone_bricks":244,"minecraft:cobblestone":290,"minecraft:potion":9,"travelersbackpack:standard":1,"botania:lime_floating_flower":1,"minecraft:stripped_oak_log":12,"minecraft:oak_sign":44,"minecraft:polished_basalt":1,"minecraft:shield":71,"minecraft:iron_sword":1607,"minecraft:bell":1,"minecraft:mutton":1,"minecraft:nether_bricks":124,"minecraft:carrot":19,"minecraft:lantern":45,"minecraft:stone_bricks":10,"chococraft:straw":1,"minecraft:item_frame":2,"minecraft:magma_block":1,"minecraft:hay_block":5,"minecraft:scaffolding":1,"minecraft:gold_block":4,"travelersbackpack:enderman":7,"minecraft:dark_oak_sapling":29,"byg:mangrove_slab":67,"minecraft:dark_oak_stairs":25,"chococraft:black_chocobo_spawn_egg":2,"minecraft:oak_planks":31,"minecraft:ender_pearl":7,"minecraft:diamond_axe":121,"minecraft:sugar_cane":4,"minecraft:white_wool":2,"iceandfire:podium_spruce":3,"minecraft:crossbow":13,"vampirism:stake":393,"minecraft:sponge":2,"byg:cypress_sapling":1,"botania:terra_pick":1,"minecraft:creeper_spawn_egg":2,"occultism:debug_djinni_test":1,"minecraft:bread":46,"minecraft:gravel":2,"vampirism:hunter_trainer_spawn_egg":1,"botania:elementium_shovel":3,"minecraft:blackstone_slab":2,"chococraft:gold_chocobo_spawn_egg":1,"minecraft:grindstone":6,"botania:magenta_mystical_flower":2,"minecraft:smooth_stone_slab":1,"chococraft:gysahl_green":1,"vampirism:med_chair":2,"minecraft:coarse_dirt":1,"minecraft:bone_meal":345,"minecraft:golden_pickaxe":5,"minecraft:oak_fence":11,"occultism:copper_ore":9,"byg:zelkova_sapling":1,"minecraft:spruce_planks":399,"minecraft:ender_chest":1,"iceandfire:copper_ore":1,"minecraft:cooked_chicken":2,"minecraft:dirt":349,"minecraft:white_carpet":1,"iceandfire:pixie_dust":1,"minecraft:hopper":10,"minecraft:spruce_stairs":13,"vampirism:throne":3,"minecraft:spruce_fence":181,"minecraft:dark_oak_planks":228,"minecraft:wooden_axe":1,"minecraft:bookshelf":41,"iceandfire:stone_statue":1,"occultism:debug_foliot_cleaner":1,"securitycraft:sentry":20,"vampirism:dark_spruce_log":104,"minecraft:cooked_beef":4,"valhelsia_structures:brazier":1,"minecraft:enchanted_golden_apple":1,"minecraft:cooked_mutton":1,"tombstone:scroll_of_knowledge":2,"minecraft:iron_ore":3,"minecraft:cobblestone_stairs":2,"minecraft:polished_andesite":1,"minecraft:red_nether_bricks":4,"byg:mangrove_planks":420,"minecraft:brown_mushroom":1,"minecraft:stonecutter":1,"minecraft:cobblestone_slab":27,"minecraft:smoker":1,"minecraft:apple":35,"byg:soapstone":51,"vampirism:cursed_spruce_log":24,"vampirism:item_tent_spawner":2,"minecraft:red_banner":4,"minecraft:bucket":8},"minecraft:killed_by":{"minecraft:pillager":1,"minecraft:spider":1,"mowziesmobs:ferrous_wroughtnaut":1,"iceandfire:gorgon":5},"minecraft:mined":{"minecraft:dark_oak_planks":6,"minecraft:black_terracotta":3,"iceandfire:copper_pile":2,"minecraft:red_nether_bricks":13,"minecraft:obsidian":10,"minecraft:granite":5,"botania:light_blue_mushroom":1,"minecraft:coal_block":3,"botania:black_double_flower":1,"minecraft:chiseled_stone_bricks":2,"minecraft:spawner":27,"minecraft:magma_block":2,"minecraft:mossy_cobblestone_stairs":10,"minecraft:fire":25,"minecraft:nether_brick_stairs":22,"iceandfire:gold_pile":3,"byg:mangrove_slab":2,"minecraft:oak_stairs":2,"minecraft:brown_mushroom":1,"minecraft:potted_brown_mushroom":1,"minecraft:torch":26,"minecraft:sugar_cane":4,"botania:black_mystical_flower":1,"minecraft:skeleton_skull":1,"byg:soapstone":29,"minecraft:wheat":38,"minecraft:jukebox":1,"minecraft:stone_brick_stairs":13,"minecraft:grass":125,"byg:blueberry_bush":3,"botania:magenta_mushroom":1,"minecraft:mossy_cobblestone":35,"minecraft:nether_bricks":94,"minecraft:spruce_fence":11,"minecraft:redstone_ore":1,"botania:magenta_mystical_flower":2,"minecraft:andesite":34,"minecraft:mossy_stone_brick_stairs":9,"minecraft:potatoes":5,"minecraft:cobblestone_slab":1,"minecraft:vine":167,"byg:rocky_stone":40,"iceandfire:podium_spruce":1,"byg:reeds":1,"minecraft:oak_slab":3,"minecraft:redstone_block":8,"minecraft:soul_sand":4,"minecraft:tall_grass":29,"minecraft:diorite":13,"minecraft:red_terracotta":1,"byg:scoria_stone":4,"minecraft:cobblestone_wall":2,"minecraft:spruce_log":71,"minecraft:red_wall_banner":4,"securitycraft:dirt_mine":1,"iceandfire:silver_pile":3,"byg:mangrove_stairs":2,"minecraft:sunflower":1,"minecraft:gravel":24,"minecraft:cobweb":21,"minecraft:brown_terracotta":15,"minecraft:stone_bricks":30,"minecraft:chipped_anvil":2,"minecraft:gold_ore":35,"minecraft:fern":1,"minecraft:stone_pressure_plate":1,"minecraft:spruce_planks":8,"occultism:copper_ore":23,"minecraft:cobblestone_stairs":3,"minecraft:brewing_stand":1,"byg:cattail":2,"minecraft:spruce_trapdoor":2,"minecraft:grass_block":697,"vampirism:dark_spruce_log":26,"vampirism:throne":1,"minecraft:iron_ore":68,"minecraft:anvil":1,"minecraft:iron_bars":18,"byg:fir_leaves":1,"occultism:silver_ore":9,"minecraft:spruce_slab":1,"minecraft:quartz_block":1,"minecraft:cyan_terracotta":3,"minecraft:soul_lantern":3,"minecraft:mushroom_stem":63,"minecraft:cobblestone":77,"botania:blue_mystical_flower":1,"minecraft:oak_planks":18,"minecraft:iron_door":1,"minecraft:wall_torch":13,"minecraft:nether_wart_block":1,"minecraft:yellow_wool":1,"minecraft:tnt":1,"minecraft:smooth_stone_slab":3,"minecraft:oak_log":6,"minecraft:sand":134,"minecraft:dirt":316,"minecraft:netherrack":10,"minecraft:oak_leaves":5,"botania:magenta_double_flower":1,"minecraft:redstone_lamp":1,"minecraft:diamond_ore":41,"minecraft:oak_door":1,"travelersbackpack:light_blue_sleeping_bag":1,"botania:orange_mushroom":1,"vampirism:vampire_orchid":1,"minecraft:birch_slab":4,"minecraft:spruce_leaves":22,"byg:mangrove_planks":2,"minecraft:sandstone":1,"minecraft:large_fern":11,"minecraft:hay_block":14,"botania:purple_mushroom":1,"minecraft:oak_trapdoor":5,"minecraft:carrots":10,"iceandfire:copper_ore":8,"minecraft:polished_basalt":3,"botania:white_mushroom":1,"minecraft:stripped_spruce_log":2,"minecraft:gold_block":3,"minecraft:nether_brick_fence":22,"minecraft:bookshelf":6,"minecraft:lantern":2,"securitycraft:cobblestone_mine":7,"minecraft:stone":597,"botania:light_blue_double_flower":1,"minecraft:scaffolding":1,"vampirism:cursed_spruce_log":27,"travelersbackpack:standard":1,"minecraft:oak_fence":1,"minecraft:crafting_table":1,"minecraft:lectern":1,"minecraft:lapis_ore":8,"minecraft:sweet_berry_bush":2,"vampirism:cursed_roots":1,"minecraft:bee_nest":1,"minecraft:grass_path":2,"minecraft:coal_ore":50,"minecraft:cracked_stone_bricks":26,"minecraft:polished_andesite":1,"travelersbackpack:enderman":1,"minecraft:mossy_stone_bricks":23},"minecraft:broken":{"minecraft:iron_leggings":1,"curios:crown":1,"minecraft:chainmail_leggings":1,"vampirism:armor_of_swiftness_chest_normal":1,"vampirism:stake":5,"minecraft:chainmail_helmet":1,"minecraft:iron_pickaxe":1,"vampirism:armor_of_swiftness_head_ultimate":1,"minecraft:diamond_chestplate":1,"minecraft:golden_axe":1},"minecraft:picked_up":{"minecraft:iron_chestplate":4,"minecraft:chainmail_boots":6,"iceandfire:copper_ore":7,"minecraft:diamond_sword":1,"minecraft:lead":1,"minecraft:oak_stairs":2,"minecraft:enchanted_book":3,"minecraft:golden_shovel":1,"minecraft:brewing_stand":1,"botania:light_blue_mushroom":2,"minecraft:music_disc_cat":64,"minecraft:string":86,"minecraft:red_nether_bricks":11,"vampirism:obi_belt":1,"minecraft:gold_nugget":18,"travelersbackpack:enderman":4,"minecraft:spruce_planks":18,"minecraft:coal_block":3,"minecraft:diamond_ore":20,"minecraft:golden_helmet":4,"minecraft:jukebox":1,"byg:reeds":1,"vampirism:amulet":2,"byg:cattail":1,"minecraft:golden_chestplate":7,"vampirism:blood_bottle":1,"minecraft:polished_basalt":1,"minecraft:iron_block":1,"minecraft:cyan_terracotta":1,"minecraft:bookshelf":1,"minecraft:blaze_rod":11,"minecraft:iron_bars":22,"minecraft:magma_block":2,"minecraft:feather":1,"vampirism:med_chair":1,"minecraft:iron_door":1,"minecraft:water_bucket":1,"minecraft:flint":2,"minecraft:lantern":8,"minecraft:chipped_anvil":2,"byg:blueberries":5,"minecraft:diamond_helmet":2,"minecraft:glowstone_dust":1,"vampirism:cursed_spruce_log":23,"minecraft:stripped_spruce_log":3,"minecraft:ink_sac":3,"byg:mangrove_slab":2,"minecraft:polished_andesite":1,"minecraft:dispenser":1,"botania:orange_mushroom":1,"minecraft:granite":47,"minecraft:chainmail_helmet":1,"iceandfire:troll_leather_forest":5,"iceandfire:gorgon_head":2,"minecraft:diamond_pickaxe":2,"minecraft:coarse_dirt":1,"iceandfire:witherbone":24,"vampirism:dark_spruce_log":26,"minecraft:leather_leggings":3,"minecraft:golden_pickaxe":1,"minecraft:cornflower":1,"minecraft:iron_shovel":1,"minecraft:cracked_stone_bricks":46,"iceandfire:bestiary":1,"byg:zelkova_log":3,"minecraft:beef":7,"minecraft:spruce_slab":1,"minecraft:chest":1,"occultism:dictionary_of_spirits":1,"minecraft:sandstone":1,"minecraft:stone":333,"botania:purple_mushroom":1,"minecraft:spruce_fence":13,"minecraft:carrot":35,"minecraft:redstone":4,"minecraft:tnt":1,"minecraft:hay_block":14,"minecraft:diamond_boots":3,"botania:blue_mystical_flower":1,"tombstone:essence_of_undeath":1,"minecraft:mutton":15,"minecraft:oxeye_daisy":1,"minecraft:rail":5,"minecraft:white_wool":12,"minecraft:lapis_ore":4,"vampirism:vampire_blood_bottle":35,"minecraft:red_mushroom":3,"minecraft:oak_log":9,"botania:red_mushroom":1,"minecraft:spawner":42,"chococraft:chocobo_feather":4,"minecraft:apple":29,"minecraft:stone_bricks":27,"byg:mangrove_planks":197,"minecraft:iron_ore":78,"minecraft:cobweb":2,"tombstone:bag_of_seeds":2,"minecraft:glass_bottle":3,"minecraft:iron_sword":5,"iceandfire:copper_nugget":14,"minecraft:dark_oak_slab":1,"securitycraft:reinforced_mossy_stone_bricks":64,"minecraft:sweet_berries":18,"minecraft:gravel":79,"minecraft:spruce_sapling":4,"minecraft:spruce_log":44,"minecraft:leather_helmet":3,"minecraft:diamond_shovel":1,"minecraft:coal_ore":5,"minecraft:slime_ball":5,"minecraft:diamond_axe":1,"minecraft:redstone_ore":1,"minecraft:oak_button":1,"vampirism:vampire_orchid":1,"minecraft:ender_pearl":4,"minecraft:wheat":29,"minecraft:nether_brick_fence":21,"minecraft:redstone_block":8,"vampirism:throne":1,"minecraft:potion":5,"minecraft:stone_brick_stairs":4,"vampirism:pure_salt_water":1,"minecraft:smooth_stone_slab":3,"minecraft:iron_leggings":8,"curios:ring":1,"minecraft:cobblestone_slab":1,"minecraft:iron_boots":5,"byg:zelkova_sapling":1,"minecraft:tipped_arrow":20,"minecraft:stick":9,"minecraft:brown_terracotta":15,"minecraft:oak_fence":1,"minecraft:torch":81,"minecraft:porkchop":15,"minecraft:diorite":13,"tombstone:grave_dust":58,"vampirism:vampire_fang":23,"minecraft:quartz_block":1,"minecraft:rotten_flesh":206,"vampirism:pure_blood_2":1,"occultism:copper_ore":23,"chococraft:chocobo_drumstick_raw":3,"minecraft:obsidian":8,"minecraft:cobblestone":331,"occultism:datura_seeds":51,"minecraft:leather_chestplate":6,"minecraft:andesite":40,"minecraft:golden_leggings":6,"occultism:silver_ore":9,"minecraft:potato":15,"vampirism:stake":1,"botania:magenta_mushroom":1,"minecraft:lapis_lazuli":236,"minecraft:dirt":1174,"securitycraft:sentry":5,"minecraft:leather_boots":3,"minecraft:bone":189,"minecraft:bow":6,"minecraft:wheat_seeds":137,"securitycraft:cobblestone_mine":6,"minecraft:bell":1,"botania:gray_mushroom":1,"minecraft:mossy_stone_bricks":9,"minecraft:mossy_stone_brick_stairs":5,"minecraft:oak_planks":43,"minecraft:black_terracotta":1,"iceandfire:podium_spruce":1,"securitycraft:dirt_mine":2,"vampirism:dark_spruce_sapling":2,"minecraft:oak_pressure_plate":1,"minecraft:sand":127,"minecraft:nether_brick_stairs":18,"minecraft:grass_block":1,"minecraft:mossy_cobblestone":29,"vampirism:pure_blood_0":2,"minecraft:diamond":21,"minecraft:soul_lantern":3,"minecraft:golden_apple":2,"iceandfire:silver_nugget":10,"minecraft:oak_sapling":3,"minecraft:netherrack":6,"byg:soapstone":28,"minecraft:chicken":1,"botania:white_mushroom":2,"minecraft:brown_mushroom":3,"minecraft:gold_block":2,"minecraft:chain":4,"minecraft:shield":2,"minecraft:oak_trapdoor":2,"byg:mangrove_stairs":2,"minecraft:iron_axe":2,"botania:magenta_mystical_flower":4,"curios:amulet":1,"minecraft:observer":1,"minecraft:lectern":1,"minecraft:sugar_cane":5,"minecraft:spruce_trapdoor":2,"minecraft:phantom_membrane":1,"minecraft:stone_pressure_plate":1,"minecraft:dark_oak_planks":138,"minecraft:arrow":144,"botania:lime_mystical_flower":4,"occultism:spawn_egg/familiar_chimera":1,"minecraft:nether_bricks":93,"securitycraft:reinforced_stone_bricks":6,"byg:rocky_stone":42,"minecraft:skeleton_skull":1,"curios:knuckles":1,"minecraft:leather":4,"iceandfire:stone_statue":1,"minecraft:gunpowder":252,"minecraft:nether_wart_block":2,"minecraft:cobblestone_wall":2,"minecraft:cobblestone_stairs":3,"botania:black_mystical_flower":1,"occultism:spawn_egg/familiar_blacksmith":1,"byg:scoria_cobblestone":4,"vampirism:human_heart":10,"minecraft:iron_ingot":4,"securitycraft:universal_block_reinforcer_lvl1":1,"minecraft:soul_sand":4,"minecraft:book":18,"minecraft:scaffolding":1,"minecraft:oak_slab":13,"minecraft:chiseled_stone_bricks":2,"minecraft:stone_brick_slab":3,"minecraft:dandelion":3,"minecraft:red_banner":5,"minecraft:gold_ore":36,"minecraft:spruce_door":1,"minecraft:spider_eye":10,"minecraft:chainmail_leggings":7,"minecraft:iron_helmet":3,"minecraft:mossy_cobblestone_stairs":6,"tombstone:magic_scroll":6,"minecraft:black_wool":1,"minecraft:coal":41,"minecraft:sunflower":1},"minecraft:custom":{"minecraft:interact_with_crafting_table":12,"minecraft:open_barrel":127,"minecraft:bell_ring":36,"minecraft:eat_cake_slice":11,"minecraft:leave_game":52,"minecraft:time_since_death":737466,"minecraft:deaths":9,"minecraft:jump":7389,"minecraft:enchant_item":55,"minecraft:interact_with_furnace":33,"minecraft:traded_with_villager":1,"minecraft:sleep_in_bed":6,"tombstone:sneak_grave":1,"minecraft:damage_dealt":179370,"tombstone:undead_killed":440,"minecraft:interact_with_smoker":5,"minecraft:inspect_dispenser":3,"minecraft:horse_one_cm":7223,"minecraft:interact_with_anvil":31,"minecraft:damage_dealt_absorbed":48,"minecraft:sneak_time":87625,"minecraft:interact_with_blast_furnace":6,"vampirism:win_village_capture":1,"tombstone:raider_killed":5,"minecraft:interact_with_stonecutter":8,"minecraft:time_since_rest":18817,"tombstone:cast_on_ally":0,"minecraft:swim_one_cm":92171,"minecraft:fly_one_cm":2321149,"minecraft:open_chest":398,"minecraft:fall_one_cm":158754,"minecraft:damage_resisted":69,"minecraft:sprint_one_cm":1565750,"minecraft:drop":414,"minecraft:talked_to_villager":25,"minecraft:walk_on_water_one_cm":88761,"minecraft:play_one_minute":957032,"minecraft:open_enderchest":1,"minecraft:crouch_one_cm":295324,"tombstone:villager_killed":4,"minecraft:mob_kills":1107,"minecraft:damage_dealt_resisted":244820,"minecraft:climb_one_cm":62538,"minecraft:walk_one_cm":1818087,"vampirism:capture_village":1,"minecraft:walk_under_water_one_cm":102105,"minecraft:pot_flower":3,"minecraft:interact_with_grindstone":3,"minecraft:damage_taken":2147483647,"minecraft:damage_absorbed":344},"minecraft:crafted":{"byg:zelkova_planks":12,"minecraft:oak_pressure_plate":3,"minecraft:dark_oak_wood":48,"minecraft:blaze_powder":4,"minecraft:bookshelf":3,"minecraft:cooked_mutton":3,"vampirism:stake":19,"minecraft:cooked_porkchop":11,"minecraft:spruce_door":9,"vampirism:armor_of_swiftness_chest_normal":1,"minecraft:netherite_ingot":1,"minecraft:golden_carrot":10,"minecraft:bone_meal":6,"minecraft:ladder":15,"minecraft:wheat":81,"byg:mangrove_stairs":12,"securitycraft:cobblestone_mine":5,"minecraft:golden_apple":4,"securitycraft:mine":9,"minecraft:oak_planks":36,"minecraft:oak_button":1,"minecraft:chiseled_stone_bricks":10,"minecraft:crafting_table":2,"minecraft:spruce_planks":76,"minecraft:brown_dye":1,"minecraft:stick":148,"minecraft:coal":27,"chococraft:chocobo_drumstick_cooked":1,"vampirism:cursed_spruce_planks":44,"byg:mangrove_slab":18,"minecraft:bread":32,"minecraft:air":0,"minecraft:gold_nugget":126,"minecraft:stonecutter":1,"minecraft:anvil":1,"minecraft:torch":232}},"DataVersion":2586}