{"stats":{"minecraft:crafted":{"minecraft:brown_dye":1},"minecraft:killed":{"minecraft:sheep":2},"minecraft:picked_up":{"occultism:datura_seeds":1,"byg:reeds":1,"byg:cattail":1,"minecraft:dirt":1,"botania:black_mystical_flower":1,"minecraft:hay_block":5,"minecraft:sugar_cane":4,"minecraft:mutton":4,"minecraft:white_wool":2},"minecraft:used":{"minecraft:bread":3,"botania:black_mystical_flower":1,"minecraft:barrel":3,"minecraft:sugar_cane":4,"minecraft:white_wool":1,"minecraft:dirt":1,"minecraft:mutton":1,"minecraft:hay_block":5,"vampirism:item_tent_spawner":2},"minecraft:custom":{"minecraft:time_since_rest":17428,"minecraft:sprint_one_cm":50895,"minecraft:damage_taken":316,"minecraft:walk_one_cm":28728,"minecraft:mob_kills":2,"minecraft:damage_dealt":170,"minecraft:talked_to_villager":9,"minecraft:fly_one_cm":131184,"minecraft:open_barrel":3,"minecraft:open_chest":5,"minecraft:crouch_one_cm":1656,"minecraft:play_one_minute":17428,"minecraft:bell_ring":4,"minecraft:sneak_time":545,"minecraft:jump":344,"minecraft:time_since_death":17428,"minecraft:walk_on_water_one_cm":200,"minecraft:climb_one_cm":3160,"minecraft:fall_one_cm":10457,"minecraft:horse_one_cm":6257},"minecraft:mined":{"minecraft:hay_block":5,"byg:reeds":1,"byg:cattail":1,"minecraft:torch":1,"minecraft:grass":3,"minecraft:grass_block":1,"botania:black_double_flower":1,"minecraft:sugar_cane":3,"minecraft:oak_leaves":1,"botania:black_mystical_flower":1}},"DataVersion":2586}