{"stats":{"minecraft:used":{"minecraft:oak_fence":6,"minecraft:wheat_seeds":20,"occultism:copper_ore":9,"minecraft:spruce_slab":1,"minecraft:oak_planks":4,"occultism:datura_seeds":2,"minecraft:oak_sign":1,"byg:zelkova_sapling":1,"minecraft:chest":8,"minecraft:iron_sword":49,"botania:black_mystical_flower":1,"minecraft:sugar_cane":4,"iceandfire:copper_ore":1,"minecraft:torch":8,"minecraft:white_wool":1,"minecraft:dirt":6,"minecraft:mutton":1,"minecraft:anvil":1,"minecraft:oak_slab":17,"minecraft:crafting_table":3,"minecraft:spruce_stairs":7,"minecraft:carrot":14,"minecraft:campfire":4,"minecraft:spruce_fence":141,"minecraft:cake":1,"minecraft:smoker":1,"minecraft:stripped_spruce_log":1,"botania:terra_pick":1,"minecraft:oak_log":1,"byg:blueberries":8,"minecraft:apple":3,"botania:blue_mystical_flower":1,"minecraft:sunflower":1,"minecraft:iron_axe":6,"minecraft:lantern":7,"minecraft:grass_block":200,"minecraft:bread":4,"minecraft:iron_pickaxe":53,"minecraft:spruce_trapdoor":9,"minecraft:spruce_sapling":1,"minecraft:barrel":12,"botania:elementium_shovel":3,"minecraft:hay_block":5,"vampirism:item_tent_spawner":2,"minecraft:oak_sapling":3,"minecraft:furnace":2,"botania:magenta_mystical_flower":2,"minecraft:gold_block":4,"minecraft:cooked_beef":1,"minecraft:potato":8},"minecraft:crafted":{"minecraft:oak_planks":24,"minecraft:cooked_porkchop":11,"chococraft:chocobo_drumstick_cooked":1,"byg:zelkova_planks":12,"minecraft:brown_dye":1,"minecraft:air":0},"minecraft:custom":{"minecraft:interact_with_furnace":8,"minecraft:mob_kills":15,"minecraft:open_barrel":16,"minecraft:play_one_minute":106670,"minecraft:bell_ring":28,"minecraft:pot_flower":2,"minecraft:eat_cake_slice":7,"minecraft:leave_game":4,"minecraft:time_since_death":46349,"minecraft:climb_one_cm":11797,"minecraft:time_since_rest":43950,"minecraft:sprint_one_cm":124528,"minecraft:damage_taken":904,"minecraft:walk_one_cm":144858,"minecraft:drop":6,"minecraft:damage_dealt":2318,"minecraft:swim_one_cm":1770,"minecraft:talked_to_villager":13,"minecraft:fly_one_cm":289546,"minecraft:open_chest":21,"minecraft:crouch_one_cm":8875,"tombstone:undead_killed":2,"minecraft:deaths":1,"minecraft:sneak_time":3872,"minecraft:walk_under_water_one_cm":224,"minecraft:jump":873,"minecraft:interact_with_blast_furnace":4,"minecraft:walk_on_water_one_cm":2437,"minecraft:interact_with_smoker":2,"minecraft:fall_one_cm":20895,"minecraft:horse_one_cm":6257},"minecraft:killed":{"minecraft:pig":4,"minecraft:spider":4,"minecraft:sheep":4,"minecraft:zombie":2,"chococraft:chocobo":1},"minecraft:mined":{"byg:reeds":1,"occultism:copper_ore":10,"byg:cattail":1,"minecraft:torch":1,"minecraft:grass_block":1,"minecraft:tall_grass":9,"botania:black_double_flower":1,"minecraft:spruce_leaves":3,"botania:blue_mystical_flower":1,"minecraft:sugar_cane":3,"botania:black_mystical_flower":1,"minecraft:large_fern":2,"minecraft:hay_block":5,"botania:magenta_mystical_flower":2,"minecraft:carrots":8,"iceandfire:copper_ore":5,"minecraft:wheat":27,"minecraft:spruce_log":6,"minecraft:grass":48,"minecraft:coal_ore":25,"minecraft:potatoes":4,"minecraft:oak_log":6,"minecraft:sunflower":1,"byg:blueberry_bush":3,"minecraft:stone":13,"minecraft:oak_leaves":4,"botania:magenta_double_flower":1},"minecraft:killed_by":{"minecraft:spider":1},"minecraft:dropped":{"curios:amulet":1,"curios:knuckles":1,"minecraft:grass_block":1,"curios:ring":1,"botania:magenta_mystical_flower":2},"minecraft:picked_up":{"curios:knuckles":1,"occultism:datura_seeds":11,"minecraft:wheat":19,"iceandfire:copper_ore":5,"minecraft:potato":14,"minecraft:oak_log":6,"minecraft:cornflower":1,"minecraft:string":3,"minecraft:dirt":32,"botania:black_mystical_flower":1,"chococraft:chocobo_feather":2,"botania:magenta_mystical_flower":4,"curios:ring":1,"byg:blueberries":5,"minecraft:wheat_seeds":67,"byg:zelkova_log":3,"curios:amulet":1,"minecraft:sugar_cane":4,"byg:zelkova_sapling":1,"byg:reeds":1,"minecraft:porkchop":11,"minecraft:spruce_sapling":3,"minecraft:spruce_log":2,"minecraft:carrot":23,"byg:cattail":1,"minecraft:spider_eye":1,"minecraft:hay_block":5,"botania:blue_mystical_flower":1,"occultism:copper_ore":10,"chococraft:chocobo_drumstick_raw":1,"minecraft:oak_sapling":3,"minecraft:coal":25,"minecraft:black_wool":1,"minecraft:mutton":7,"minecraft:cobblestone":12,"minecraft:white_wool":2,"minecraft:sunflower":1}},"DataVersion":2586}