{"stats":{"minecraft:custom":{"minecraft:interact_with_furnace":6,"minecraft:mob_kills":15,"minecraft:open_barrel":6,"minecraft:play_one_minute":44631,"minecraft:bell_ring":4,"minecraft:eat_cake_slice":6,"minecraft:leave_game":2,"minecraft:time_since_death":44631,"minecraft:climb_one_cm":7846,"minecraft:time_since_rest":44631,"minecraft:sprint_one_cm":75192,"minecraft:damage_taken":670,"minecraft:walk_one_cm":104564,"minecraft:drop":1,"minecraft:damage_dealt":2188,"minecraft:swim_one_cm":1770,"minecraft:talked_to_villager":9,"minecraft:fly_one_cm":224236,"minecraft:open_chest":16,"minecraft:crouch_one_cm":5752,"tombstone:undead_killed":2,"minecraft:sneak_time":2065,"minecraft:walk_under_water_one_cm":224,"minecraft:jump":557,"minecraft:interact_with_blast_furnace":1,"minecraft:walk_on_water_one_cm":348,"minecraft:interact_with_smoker":2,"minecraft:fall_one_cm":14188,"minecraft:horse_one_cm":6257},"minecraft:crafted":{"minecraft:cooked_porkchop":11,"chococraft:chocobo_drumstick_cooked":1,"byg:zelkova_planks":12,"minecraft:brown_dye":1,"minecraft:air":0},"minecraft:killed":{"minecraft:pig":4,"minecraft:spider":4,"minecraft:sheep":4,"minecraft:zombie":2,"chococraft:chocobo":1},"minecraft:mined":{"byg:reeds":1,"byg:cattail":1,"minecraft:torch":1,"minecraft:grass_block":1,"minecraft:tall_grass":4,"botania:black_double_flower":1,"minecraft:sugar_cane":3,"botania:black_mystical_flower":1,"minecraft:large_fern":2,"minecraft:hay_block":5,"botania:magenta_mystical_flower":1,"minecraft:carrots":8,"minecraft:wheat":27,"minecraft:grass":46,"minecraft:potatoes":4,"minecraft:sunflower":1,"minecraft:oak_leaves":1},"minecraft:dropped":{"minecraft:grass_block":1},"minecraft:picked_up":{"occultism:datura_seeds":9,"minecraft:wheat":19,"minecraft:potato":14,"minecraft:cornflower":1,"minecraft:string":3,"minecraft:dirt":16,"botania:black_mystical_flower":1,"chococraft:chocobo_feather":2,"botania:magenta_mystical_flower":1,"minecraft:wheat_seeds":67,"byg:zelkova_log":3,"minecraft:sugar_cane":4,"byg:zelkova_sapling":1,"byg:reeds":1,"minecraft:porkchop":11,"minecraft:carrot":23,"byg:cattail":1,"minecraft:spider_eye":1,"minecraft:hay_block":5,"chococraft:chocobo_drumstick_raw":1,"minecraft:black_wool":1,"minecraft:mutton":7,"minecraft:white_wool":2,"minecraft:sunflower":1},"minecraft:used":{"minecraft:wheat_seeds":20,"minecraft:oak_fence":6,"minecraft:spruce_slab":1,"occultism:datura_seeds":2,"minecraft:oak_sign":1,"byg:zelkova_sapling":1,"minecraft:chest":8,"minecraft:iron_sword":48,"botania:black_mystical_flower":1,"minecraft:sugar_cane":4,"minecraft:white_wool":1,"minecraft:dirt":1,"minecraft:anvil":1,"minecraft:mutton":1,"minecraft:oak_slab":17,"minecraft:crafting_table":3,"minecraft:spruce_stairs":7,"minecraft:carrot":14,"minecraft:campfire":4,"minecraft:spruce_fence":141,"minecraft:cake":1,"minecraft:smoker":1,"minecraft:stripped_spruce_log":1,"botania:terra_pick":1,"minecraft:oak_log":1,"minecraft:apple":3,"minecraft:sunflower":1,"minecraft:lantern":7,"minecraft:grass_block":200,"minecraft:bread":4,"minecraft:spruce_trapdoor":9,"minecraft:barrel":12,"botania:elementium_shovel":3,"minecraft:hay_block":5,"vampirism:item_tent_spawner":2,"minecraft:furnace":2,"botania:magenta_mystical_flower":1,"minecraft:gold_block":4,"minecraft:potato":8,"minecraft:cooked_beef":1}},"DataVersion":2586}