{"stats":{"minecraft:killed":{"vampirism:vampire":10,"minecraft:cave_spider":12,"vampirism:advanced_vampire":2,"iceandfire:gorgon":1,"minecraft:spider":20,"minecraft:skeleton":71,"vampirism:blinding_bat":3,"minecraft:bee":1,"minecraft:chicken":1,"vampirism:advanced_hunter":1,"minecraft:piglin_brute":13,"minecraft:pig":7,"minecraft:iron_golem":1,"minecraft:creeper":23,"vampirism:hunter":11,"minecraft:sheep":9,"minecraft:pillager":2,"minecraft:zombie":168,"minecraft:stray":30,"minecraft:cow":3,"chococraft:chocobo":4,"minecraft:drowned":23,"vampirism:villager_converted":1,"minecraft:bat":1,"minecraft:wither_skeleton":33,"minecraft:villager":3,"minecraft:enderman":3},"minecraft:dropped":{"minecraft:gold_ore":3,"minecraft:iron_sword":2,"occultism:datura_seeds":14,"minecraft:soul_sand":1,"minecraft:porkchop":1,"vampirism:stake":5,"minecraft:oak_pressure_plate":1,"vampirism:human_heart":2,"minecraft:glass_bottle":8,"minecraft:diamond":6,"minecraft:mossy_stone_brick_stairs":1,"minecraft:cracked_stone_bricks":16,"travelersbackpack:standard":1,"minecraft:leather_helmet":1,"minecraft:music_disc_13":1,"minecraft:flint":2,"minecraft:dirt":1,"minecraft:dispenser":1,"minecraft:mutton":4,"botania:light_blue_mushroom":1,"minecraft:sand":4,"minecraft:iron_pickaxe":1,"minecraft:dark_oak_planks":132,"byg:scoria_cobblestone":4,"botania:magenta_mushroom":1,"minecraft:gravel":12,"minecraft:stone_axe":1,"botania:white_mushroom":1,"minecraft:sugar_cane":1,"minecraft:golden_chestplate":5,"minecraft:wheat":2,"minecraft:rotten_flesh":63,"minecraft:oak_planks":12,"minecraft:cooked_mutton":3,"minecraft:carrot":2,"minecraft:chainmail_chestplate":1,"minecraft:leather_chestplate":1,"minecraft:tipped_arrow":1,"minecraft:gunpowder":21,"minecraft:leather_boots":1,"minecraft:chainmail_boots":1,"occultism:dictionary_of_spirits":1,"minecraft:leather_leggings":1,"minecraft:spruce_slab":1,"minecraft:iron_ore":11,"minecraft:red_nether_bricks":8,"minecraft:beef":6,"iceandfire:manuscript":1,"minecraft:enchanted_book":1,"minecraft:iron_ingot":1,"minecraft:bread":23,"minecraft:oak_slab":9,"curios:amulet":1,"minecraft:wheat_seeds":10,"occultism:copper_ore":1,"curios:knuckles":1,"minecraft:mossy_cobblestone":2,"minecraft:iron_helmet":5,"minecraft:cobblestone":28,"minecraft:book":2,"minecraft:observer":1,"minecraft:apple":75,"minecraft:granite":1,"minecraft:chainmail_helmet":1,"minecraft:grass_block":1,"minecraft:golden_apple":10,"minecraft:diorite":1,"minecraft:golden_carrot":3,"minecraft:torch":65,"minecraft:nether_wart_block":1,"minecraft:diamond_helmet":1,"minecraft:potion":4,"minecraft:brown_terracotta":15,"minecraft:iron_leggings":5,"minecraft:oak_stairs":2,"minecraft:iron_axe":2,"minecraft:chainmail_leggings":3,"minecraft:string":10,"curios:ring":1,"minecraft:redstone":3,"vampirism:injection_garlic":1,"minecraft:spruce_sapling":1,"minecraft:redstone_block":6,"minecraft:sweet_berries":15,"minecraft:oak_trapdoor":2,"minecraft:cobblestone_wall":2,"minecraft:smooth_stone_slab":2,"minecraft:red_banner":1,"minecraft:chicken":1,"minecraft:iron_boots":4,"minecraft:nether_bricks":4,"minecraft:spruce_fence":7,"minecraft:diamond_sword":2,"minecraft:potato":29,"minecraft:shield":1,"minecraft:oak_button":1,"minecraft:spruce_planks":7,"minecraft:diamond_pickaxe":1,"minecraft:iron_chestplate":2,"minecraft:andesite":8,"minecraft:mossy_stone_bricks":3,"minecraft:golden_leggings":2,"minecraft:spider_eye":4,"minecraft:stone_bricks":1,"minecraft:sandstone":1,"minecraft:bow":1,"botania:magenta_mystical_flower":2},"minecraft:used":{"minecraft:spruce_slab":1,"minecraft:ladder":13,"minecraft:oak_sign":44,"minecraft:shield":3,"minecraft:chest":13,"minecraft:stone":51,"minecraft:iron_sword":1294,"minecraft:bell":1,"minecraft:soul_sand":1,"minecraft:mutton":1,"minecraft:nether_bricks":98,"minecraft:carrot":19,"minecraft:acacia_sapling":1,"minecraft:acacia_button":2,"minecraft:stripped_spruce_log":1,"minecraft:lantern":10,"minecraft:grass_block":243,"chococraft:straw":1,"minecraft:bow":19,"minecraft:hay_block":5,"minecraft:sweet_berries":7,"minecraft:oak_sapling":6,"minecraft:furnace":3,"minecraft:gold_block":4,"minecraft:potato":9,"minecraft:dark_oak_sapling":29,"chococraft:black_chocobo_spawn_egg":2,"minecraft:spruce_door":4,"minecraft:oak_planks":31,"occultism:datura_seeds":2,"minecraft:ender_pearl":7,"minecraft:mossy_stone_brick_stairs":1,"vampirism:human_heart":1,"minecraft:diamond_axe":82,"minecraft:sugar_cane":4,"minecraft:white_wool":2,"minecraft:golden_apple":4,"vampirism:stake":15,"minecraft:sponge":2,"byg:cypress_sapling":1,"botania:terra_pick":1,"byg:blueberries":8,"minecraft:bread":21,"minecraft:oak_pressure_plate":3,"botania:elementium_shovel":3,"vampirism:hunter_trainer_spawn_egg":1,"minecraft:soul_lantern":51,"securitycraft:mine":1,"chococraft:gold_chocobo_spawn_egg":1,"minecraft:diamond_sword":1,"minecraft:fire_charge":2,"botania:magenta_mystical_flower":2,"chococraft:gysahl_green":1,"minecraft:smooth_stone_slab":1,"vampirism:med_chair":2,"minecraft:coarse_dirt":1,"minecraft:bone_meal":339,"minecraft:golden_pickaxe":5,"minecraft:oak_fence":6,"minecraft:iron_bars":1,"occultism:copper_ore":9,"byg:zelkova_sapling":1,"minecraft:spruce_planks":97,"botania:black_mystical_flower":1,"iceandfire:copper_ore":1,"minecraft:torch":408,"minecraft:dirt":324,"minecraft:anvil":3,"minecraft:white_carpet":1,"iceandfire:pixie_dust":1,"minecraft:spruce_stairs":7,"minecraft:spruce_fence":180,"minecraft:dark_oak_planks":182,"minecraft:wooden_axe":1,"minecraft:chipped_anvil":2,"botania:blue_mystical_flower":1,"minecraft:iron_axe":234,"minecraft:barrel":12,"chococraft:yellow_chocobo_spawn_egg":1,"securitycraft:dirt_mine":1,"tombstone:gift":8,"minecraft:cooked_beef":1,"valhelsia_structures:brazier":1,"minecraft:golden_axe":16,"byg:nightshade_sapling":1,"minecraft:wheat_seeds":20,"minecraft:water_bucket":89,"tombstone:scroll_of_knowledge":2,"minecraft:iron_ore":3,"minecraft:cobblestone_stairs":2,"minecraft:red_nether_bricks":4,"minecraft:brown_mushroom":1,"minecraft:cobblestone_slab":27,"minecraft:cracked_stone_bricks":12,"securitycraft:cobblestone_mine":11,"minecraft:tnt":10,"minecraft:oak_slab":60,"minecraft:crafting_table":5,"byg:green_enchanted_sapling":1,"minecraft:campfire":4,"minecraft:spruce_log":64,"minecraft:cake":1,"minecraft:smoker":1,"minecraft:oak_log":1,"minecraft:diamond_pickaxe":1,"minecraft:apple":25,"minecraft:diamond_shovel":854,"minecraft:sunflower":1,"minecraft:oak_button":1,"minecraft:iron_pickaxe":797,"tombstone:magic_scroll":6,"minecraft:spruce_trapdoor":11,"minecraft:spruce_sapling":1,"byg:ebony_sapling":1,"minecraft:cobblestone":249,"minecraft:potion":6,"travelersbackpack:standard":1,"vampirism:item_tent_spawner":2,"minecraft:bucket":3,"botania:lime_floating_flower":1,"minecraft:red_banner":4,"minecraft:stripped_oak_log":12},"minecraft:killed_by":{"minecraft:pillager":1,"minecraft:spider":1,"mowziesmobs:ferrous_wroughtnaut":1,"iceandfire:gorgon":5},"minecraft:mined":{"minecraft:dark_oak_planks":4,"minecraft:spruce_planks":6,"minecraft:stone_pressure_plate":1,"occultism:copper_ore":23,"iceandfire:copper_pile":2,"minecraft:cobblestone_stairs":3,"minecraft:red_nether_bricks":11,"minecraft:obsidian":1,"byg:cattail":2,"minecraft:spruce_trapdoor":2,"minecraft:granite":2,"botania:light_blue_mushroom":1,"minecraft:grass_block":547,"minecraft:coal_block":3,"botania:black_double_flower":1,"minecraft:spawner":9,"minecraft:magma_block":2,"minecraft:mossy_cobblestone_stairs":7,"minecraft:iron_ore":67,"minecraft:fire":23,"minecraft:nether_brick_stairs":8,"iceandfire:gold_pile":3,"minecraft:iron_bars":7,"minecraft:oak_stairs":2,"byg:fir_leaves":1,"occultism:silver_ore":9,"minecraft:spruce_slab":1,"minecraft:brown_mushroom":1,"minecraft:quartz_block":1,"minecraft:soul_lantern":2,"minecraft:torch":26,"minecraft:mushroom_stem":63,"minecraft:cobblestone":51,"botania:blue_mystical_flower":1,"minecraft:oak_planks":15,"minecraft:sugar_cane":4,"botania:black_mystical_flower":1,"minecraft:iron_door":1,"minecraft:wall_torch":10,"minecraft:skeleton_skull":1,"byg:soapstone":4,"minecraft:nether_wart_block":1,"minecraft:yellow_wool":1,"minecraft:wheat":27,"minecraft:jukebox":1,"minecraft:tnt":1,"minecraft:smooth_stone_slab":3,"minecraft:stone_brick_stairs":5,"minecraft:grass":113,"minecraft:oak_log":6,"minecraft:dirt":266,"minecraft:sand":97,"byg:blueberry_bush":3,"minecraft:netherrack":7,"minecraft:oak_leaves":5,"botania:magenta_double_flower":1,"botania:magenta_mushroom":1,"minecraft:diamond_ore":17,"minecraft:mossy_cobblestone":19,"minecraft:oak_door":1,"minecraft:nether_bricks":73,"minecraft:spruce_fence":10,"botania:orange_mushroom":1,"minecraft:birch_slab":4,"minecraft:spruce_leaves":22,"minecraft:sandstone":1,"minecraft:large_fern":11,"minecraft:hay_block":5,"botania:purple_mushroom":1,"botania:magenta_mystical_flower":2,"minecraft:oak_trapdoor":5,"minecraft:carrots":8,"iceandfire:copper_ore":5,"botania:white_mushroom":1,"minecraft:andesite":18,"minecraft:stripped_spruce_log":2,"minecraft:gold_block":3,"minecraft:nether_brick_fence":22,"minecraft:mossy_stone_brick_stairs":5,"minecraft:bookshelf":2,"minecraft:potatoes":4,"minecraft:cobblestone_slab":1,"minecraft:vine":162,"securitycraft:cobblestone_mine":6,"botania:light_blue_double_flower":1,"minecraft:stone":186,"byg:reeds":1,"minecraft:oak_slab":3,"minecraft:redstone_block":7,"minecraft:soul_sand":2,"travelersbackpack:standard":1,"minecraft:tall_grass":26,"minecraft:lapis_ore":4,"minecraft:diorite":2,"byg:scoria_stone":4,"minecraft:cobblestone_wall":2,"minecraft:sweet_berry_bush":2,"minecraft:spruce_log":71,"securitycraft:dirt_mine":1,"minecraft:red_wall_banner":4,"minecraft:bee_nest":1,"minecraft:grass_path":2,"iceandfire:silver_pile":3,"minecraft:coal_ore":31,"minecraft:sunflower":1,"minecraft:gravel":24,"minecraft:brown_terracotta":15,"minecraft:cobweb":19,"minecraft:cracked_stone_bricks":17,"minecraft:stone_bricks":9,"minecraft:mossy_stone_bricks":18,"minecraft:gold_ore":31,"minecraft:chipped_anvil":2,"minecraft:fern":1},"minecraft:broken":{"minecraft:iron_leggings":1,"curios:crown":1,"minecraft:chainmail_leggings":1,"minecraft:chainmail_helmet":1,"minecraft:golden_axe":1},"minecraft:picked_up":{"minecraft:iron_chestplate":4,"minecraft:redstone_block":6,"minecraft:wheat":19,"minecraft:chainmail_boots":6,"minecraft:nether_brick_fence":21,"iceandfire:copper_ore":5,"minecraft:diamond_sword":1,"minecraft:oak_stairs":2,"minecraft:potion":4,"minecraft:enchanted_book":2,"minecraft:golden_shovel":1,"minecraft:stone_brick_stairs":3,"botania:light_blue_mushroom":2,"vampirism:pure_salt_water":1,"minecraft:string":37,"minecraft:smooth_stone_slab":3,"minecraft:red_nether_bricks":11,"minecraft:iron_leggings":7,"curios:ring":1,"minecraft:gold_nugget":18,"minecraft:spruce_planks":16,"minecraft:cobblestone_slab":1,"minecraft:coal_block":3,"minecraft:iron_boots":4,"byg:zelkova_sapling":1,"minecraft:tipped_arrow":19,"minecraft:golden_helmet":4,"minecraft:stick":5,"byg:reeds":1,"minecraft:jukebox":1,"minecraft:brown_terracotta":15,"minecraft:torch":51,"minecraft:porkchop":15,"vampirism:vampire_fang":4,"tombstone:grave_dust":38,"minecraft:diorite":1,"vampirism:amulet":1,"byg:cattail":1,"minecraft:golden_chestplate":7,"minecraft:quartz_block":1,"minecraft:rotten_flesh":166,"occultism:copper_ore":23,"chococraft:chocobo_drumstick_raw":3,"minecraft:obsidian":1,"minecraft:iron_bars":13,"minecraft:cobblestone":282,"occultism:datura_seeds":43,"minecraft:magma_block":2,"minecraft:leather_chestplate":6,"minecraft:feather":1,"vampirism:med_chair":1,"minecraft:iron_door":1,"minecraft:andesite":30,"occultism:silver_ore":9,"minecraft:golden_leggings":6,"minecraft:potato":15,"minecraft:flint":2,"botania:magenta_mushroom":1,"minecraft:lapis_lazuli":25,"minecraft:dirt":932,"minecraft:leather_boots":3,"minecraft:bone":135,"minecraft:chipped_anvil":2,"minecraft:bow":4,"minecraft:wheat_seeds":90,"securitycraft:cobblestone_mine":6,"byg:blueberries":5,"botania:gray_mushroom":1,"minecraft:bell":1,"minecraft:mossy_stone_bricks":9,"minecraft:diamond_helmet":2,"minecraft:oak_planks":40,"minecraft:mossy_stone_brick_stairs":2,"securitycraft:dirt_mine":2,"minecraft:oak_pressure_plate":1,"minecraft:sand":98,"minecraft:stripped_spruce_log":3,"minecraft:nether_brick_stairs":4,"minecraft:grass_block":1,"minecraft:mossy_cobblestone":23,"minecraft:dispenser":1,"minecraft:diamond":17,"minecraft:soul_lantern":3,"botania:orange_mushroom":1,"minecraft:granite":38,"minecraft:golden_apple":2,"minecraft:chainmail_helmet":1,"iceandfire:gorgon_head":1,"minecraft:oak_sapling":3,"minecraft:netherrack":4,"iceandfire:silver_nugget":10,"minecraft:diamond_pickaxe":1,"minecraft:coarse_dirt":1,"byg:soapstone":6,"minecraft:chicken":1,"iceandfire:witherbone":19,"botania:white_mushroom":2,"minecraft:golden_pickaxe":1,"minecraft:leather_leggings":2,"minecraft:brown_mushroom":1,"minecraft:gold_block":2,"minecraft:shield":2,"minecraft:cornflower":1,"minecraft:oak_trapdoor":2,"minecraft:iron_axe":2,"minecraft:iron_shovel":1,"botania:magenta_mystical_flower":4,"minecraft:cracked_stone_bricks":43,"byg:zelkova_log":3,"curios:amulet":1,"minecraft:beef":6,"minecraft:observer":1,"minecraft:spruce_slab":1,"minecraft:sugar_cane":5,"minecraft:spruce_trapdoor":2,"occultism:dictionary_of_spirits":1,"minecraft:sandstone":1,"minecraft:stone":1,"botania:purple_mushroom":1,"minecraft:spruce_fence":12,"minecraft:carrot":26,"minecraft:redstone":4,"minecraft:stone_pressure_plate":1,"minecraft:dark_oak_planks":136,"minecraft:tnt":1,"minecraft:arrow":89,"botania:lime_mystical_flower":2,"minecraft:nether_bricks":76,"minecraft:diamond_boots":3,"minecraft:hay_block":5,"botania:blue_mystical_flower":1,"tombstone:essence_of_undeath":1,"minecraft:mutton":15,"byg:rocky_stone":2,"minecraft:rail":4,"minecraft:skeleton_skull":1,"minecraft:white_wool":9,"minecraft:oxeye_daisy":1,"curios:knuckles":1,"vampirism:vampire_blood_bottle":1,"minecraft:leather":4,"minecraft:oak_log":9,"minecraft:cobblestone_wall":2,"minecraft:nether_wart_block":2,"minecraft:gunpowder":34,"minecraft:cobblestone_stairs":3,"botania:red_mushroom":1,"botania:black_mystical_flower":1,"chococraft:chocobo_feather":4,"byg:scoria_cobblestone":4,"vampirism:human_heart":10,"minecraft:apple":29,"minecraft:stone_bricks":15,"minecraft:iron_ingot":1,"minecraft:cobweb":2,"minecraft:iron_ore":77,"tombstone:bag_of_seeds":1,"minecraft:glass_bottle":3,"minecraft:iron_sword":3,"minecraft:soul_sand":3,"minecraft:book":6,"minecraft:oak_slab":13,"iceandfire:copper_nugget":14,"minecraft:sweet_berries":18,"minecraft:stone_brick_slab":3,"minecraft:dandelion":3,"minecraft:gravel":76,"minecraft:spruce_sapling":4,"minecraft:red_banner":5,"minecraft:spruce_log":44,"minecraft:gold_ore":32,"minecraft:spruce_door":1,"minecraft:spider_eye":7,"minecraft:leather_helmet":3,"minecraft:diamond_shovel":1,"minecraft:chainmail_leggings":7,"minecraft:iron_helmet":3,"minecraft:diamond_axe":1,"minecraft:mossy_cobblestone_stairs":4,"minecraft:oak_button":1,"tombstone:magic_scroll":4,"minecraft:black_wool":1,"minecraft:coal":40,"minecraft:sunflower":1,"minecraft:ender_pearl":3},"minecraft:custom":{"minecraft:interact_with_crafting_table":6,"minecraft:open_barrel":66,"minecraft:bell_ring":36,"minecraft:eat_cake_slice":11,"minecraft:leave_game":28,"minecraft:time_since_death":300058,"minecraft:damage_resisted":3,"minecraft:sprint_one_cm":851176,"minecraft:drop":259,"minecraft:talked_to_villager":21,"minecraft:deaths":9,"minecraft:jump":4129,"minecraft:walk_on_water_one_cm":47350,"minecraft:interact_with_furnace":25,"minecraft:play_one_minute":518680,"minecraft:sleep_in_bed":2,"tombstone:sneak_grave":1,"minecraft:damage_dealt":90494,"minecraft:crouch_one_cm":151088,"tombstone:undead_killed":326,"tombstone:villager_killed":4,"minecraft:interact_with_smoker":4,"minecraft:horse_one_cm":6257,"minecraft:interact_with_anvil":16,"minecraft:mob_kills":462,"minecraft:damage_dealt_resisted":1359,"minecraft:climb_one_cm":45618,"minecraft:walk_one_cm":1000836,"minecraft:damage_dealt_absorbed":44,"minecraft:sneak_time":50465,"minecraft:walk_under_water_one_cm":75436,"minecraft:interact_with_blast_furnace":5,"tombstone:raider_killed":2,"minecraft:pot_flower":2,"minecraft:interact_with_stonecutter":2,"minecraft:time_since_rest":123801,"minecraft:damage_absorbed":172,"minecraft:damage_taken":2147483647,"tombstone:cast_on_ally":0,"minecraft:swim_one_cm":75054,"minecraft:fly_one_cm":1292248,"minecraft:open_chest":217,"minecraft:fall_one_cm":97976},"minecraft:crafted":{"securitycraft:mine":9,"minecraft:oak_planks":28,"minecraft:dark_oak_wood":48,"minecraft:oak_pressure_plate":3,"byg:zelkova_planks":12,"minecraft:cooked_mutton":3,"minecraft:oak_button":1,"vampirism:stake":10,"minecraft:cooked_porkchop":11,"minecraft:crafting_table":2,"minecraft:spruce_planks":76,"minecraft:brown_dye":1,"minecraft:spruce_door":9,"minecraft:stick":108,"minecraft:coal":27,"chococraft:chocobo_drumstick_cooked":1,"minecraft:ladder":15,"securitycraft:cobblestone_mine":5,"minecraft:air":0,"minecraft:bread":3,"minecraft:torch":232}},"DataVersion":2586}