{"stats":{"minecraft:used":{"minecraft:oak_sign":1,"byg:mangrove_log":324,"minecraft:shield":47,"minecraft:stone":3,"minecraft:iron_sword":311,"minecraft:rotten_flesh":4,"minecraft:torch":155,"minecraft:dirt":14,"minecraft:carrot":4,"minecraft:spruce_fence":1,"securitycraft:reinforced_dirt":10,"minecraft:iron_axe":106,"securitycraft:remote_access_sentry":4,"securitycraft:sentry":5,"minecraft:bow":4,"minecraft:golden_carrot":8,"minecraft:sweet_berries":3,"securitycraft:dirt_mine":2,"tombstone:gift":6,"minecraft:cooked_beef":2,"minecraft:water_bucket":9,"minecraft:cooked_mutton":7,"vampirism:weapon_table":1,"minecraft:baked_potato":4,"minecraft:oak_planks":1,"securitycraft:scanner_door_item":1,"minecraft:mossy_cobblestone":7,"minecraft:golden_apple":9,"minecraft:crafting_table":1,"vampirism:stake":39,"minecraft:spruce_log":7,"minecraft:oak_log":5,"minecraft:diamond_pickaxe":284,"minecraft:apple":28,"minecraft:bread":51,"minecraft:iron_pickaxe":11,"securitycraft:mine":1,"minecraft:stone_axe":54,"travelersbackpack:standard":2,"minecraft:cobblestone":38,"minecraft:potion":7,"minecraft:diamond_sword":16,"minecraft:cooked_porkchop":3,"minecraft:bucket":11,"minecraft:yellow_bed":1},"minecraft:broken":{"minecraft:chainmail_leggings":1,"minecraft:diamond_helmet":1,"minecraft:iron_boots":1,"minecraft:iron_chestplate":2,"minecraft:iron_leggings":1,"minecraft:chainmail_boots":1,"minecraft:golden_leggings":2,"minecraft:chainmail_chestplate":1,"minecraft:iron_axe":1,"minecraft:iron_helmet":1,"minecraft:golden_chestplate":1},"minecraft:mined":{"occultism:copper_ore":9,"minecraft:mossy_cobblestone":11,"byg:water_silk":28,"iceandfire:copper_pile":2,"minecraft:nether_bricks":1,"minecraft:granite":2,"minecraft:spruce_fence":1,"minecraft:grass_block":23,"iceandfire:lectern":1,"minecraft:spruce_leaves":5,"minecraft:redstone_ore":6,"byg:mangrove_log":330,"minecraft:spawner":4,"minecraft:large_fern":1,"minecraft:hay_block":2,"iceandfire:copper_ore":4,"minecraft:barrel":1,"minecraft:iron_ore":36,"minecraft:fire":16,"minecraft:andesite":2,"minecraft:stripped_spruce_log":1,"minecraft:bookshelf":4,"minecraft:vine":5,"minecraft:oak_sign":1,"iceandfire:gold_pile":3,"minecraft:iron_bars":14,"minecraft:brain_coral_wall_fan":1,"byg:rocky_stone":1,"occultism:silver_ore":6,"minecraft:stone":103,"botania:lime_mystical_flower":2,"botania:orange_mystical_flower":1,"minecraft:stone_brick_slab":2,"minecraft:dandelion":1,"minecraft:soul_lantern":1,"minecraft:spruce_door":1,"minecraft:oak_fence":1,"vampirism:cursed_grass":1,"minecraft:cornflower":5,"minecraft:torch":2,"minecraft:mushroom_stem":3,"minecraft:tall_grass":10,"minecraft:cobblestone":15,"minecraft:lapis_ore":2,"minecraft:oak_planks":1,"minecraft:wall_torch":2,"byg:soapstone":6,"minecraft:sweet_berry_bush":1,"vampirism:med_chair":1,"minecraft:spruce_log":11,"minecraft:coal_ore":51,"securitycraft:dirt_mine":1,"minecraft:yellow_bed":1,"minecraft:grass":58,"minecraft:oak_log":5,"iceandfire:silver_pile":3,"minecraft:sand":7,"minecraft:dirt":5,"minecraft:cracked_stone_bricks":1},"minecraft:dropped":{"minecraft:enchanted_book":1,"minecraft:gold_ore":3,"minecraft:iron_sword":4,"occultism:datura_seeds":4,"minecraft:wheat_seeds":5,"minecraft:mossy_cobblestone":2,"minecraft:glass_bottle":12,"botania:orange_mystical_flower":1,"minecraft:cobblestone":1,"minecraft:cracked_stone_bricks":40,"minecraft:coal":3,"minecraft:red_mushroom":3,"minecraft:stick":5,"minecraft:dirt":5,"tombstone:grave_key":1,"minecraft:mutton":2,"byg:soapstone":6,"vampirism:cursed_earth":1,"tombstone:grave_dust":4,"minecraft:potion":1,"minecraft:brown_terracotta":11,"minecraft:iron_leggings":3,"minecraft:iron_axe":1,"minecraft:string":7,"minecraft:dark_oak_planks":4,"minecraft:white_wool":4,"minecraft:dandelion":2,"minecraft:bone":1,"minecraft:anvil":1,"minecraft:sugar_cane":2,"minecraft:iron_nugget":16,"minecraft:stone_sword":1,"minecraft:bowl":3,"minecraft:rotten_flesh":28,"minecraft:iron_boots":1,"minecraft:leather_chestplate":2,"vampirism:vampire_fang":3,"minecraft:spruce_planks":9,"minecraft:iron_chestplate":2,"occultism:dictionary_of_spirits":1,"minecraft:spider_eye":2,"minecraft:leather_leggings":1,"iceandfire:lectern":1,"minecraft:spruce_log":3,"minecraft:iron_bars":8,"minecraft:arrow":6,"minecraft:beef":6,"securitycraft:universal_block_reinforcer_lvl1":1,"minecraft:stone_brick_stairs":1,"botania:lime_mystical_flower":2},"minecraft:killed_by":{"minecraft:piglin_brute":1,"minecraft:zombie":1},"minecraft:picked_up":{"minecraft:iron_chestplate":4,"vampirism:injection_garlic":1,"byg:soapstone":6,"iceandfire:copper_ore":3,"minecraft:redstone_block":6,"minecraft:chainmail_boots":1,"iceandfire:witherbone":3,"minecraft:anvil":1,"minecraft:leather_leggings":1,"minecraft:diamond_sword":2,"byg:mangrove_sapling":13,"minecraft:enchanted_book":2,"minecraft:potion":3,"tombstone:grave_key":1,"minecraft:shield":1,"minecraft:cornflower":3,"minecraft:string":8,"minecraft:iron_axe":2,"minecraft:iron_leggings":4,"byg:mangrove_log":242,"securitycraft:reinforced_dirt":10,"minecraft:oak_sign":1,"minecraft:cracked_stone_bricks":40,"vampirism:cursed_earth":1,"minecraft:spruce_planks":9,"minecraft:beef":10,"minecraft:iron_nugget":8,"minecraft:iron_pickaxe":1,"minecraft:sugar_cane":2,"occultism:dictionary_of_spirits":1,"minecraft:iron_boots":3,"minecraft:tipped_arrow":2,"minecraft:golden_helmet":1,"minecraft:stick":10,"minecraft:stone":3,"securitycraft:reinforced_cobblestone":22,"minecraft:brown_terracotta":11,"minecraft:torch":100,"minecraft:bowl":3,"minecraft:spruce_fence":1,"minecraft:porkchop":1,"botania:pink_mushroom":1,"tombstone:grave_dust":10,"vampirism:vampire_fang":11,"minecraft:carrot":2,"minecraft:redstone":27,"minecraft:golden_chestplate":2,"minecraft:dark_oak_planks":4,"minecraft:stone_sword":1,"minecraft:arrow":27,"minecraft:rotten_flesh":41,"botania:lime_mystical_flower":4,"occultism:copper_ore":9,"byg:rocky_stone":1,"minecraft:mutton":13,"minecraft:iron_bars":12,"minecraft:white_wool":10,"minecraft:cobblestone":109,"occultism:datura_seeds":10,"minecraft:magma_block":3,"minecraft:leather_chestplate":2,"vampirism:vampire_blood_bottle":21,"minecraft:golden_carrot":3,"minecraft:andesite":2,"occultism:silver_ore":6,"minecraft:golden_leggings":3,"minecraft:red_mushroom":3,"vampirism:stake":6,"minecraft:oak_log":5,"minecraft:chainmail_chestplate":1,"minecraft:yellow_bed":1,"minecraft:gunpowder":13,"minecraft:lapis_lazuli":14,"minecraft:dirt":32,"securitycraft:sentry":3,"chococraft:chocobo_feather":1,"vampirism:soul_orb_vampire":17,"minecraft:bone":13,"vampirism:human_heart":1,"minecraft:apple":27,"minecraft:stone_bricks":4,"minecraft:bow":1,"minecraft:wheat_seeds":14,"minecraft:iron_ingot":1,"minecraft:iron_ore":90,"securitycraft:universal_block_reinforcer_lvl1":1,"minecraft:diamond_helmet":1,"minecraft:glass_bottle":7,"minecraft:iron_sword":3,"minecraft:oak_planks":1,"minecraft:book":12,"minecraft:sweet_berries":3,"minecraft:stone_brick_slab":1,"minecraft:dandelion":2,"minecraft:sand":14,"securitycraft:portable_radar":1,"securitycraft:reinforced_iron_block":6,"minecraft:spruce_log":7,"minecraft:gold_ore":3,"minecraft:spider_eye":5,"minecraft:spruce_door":1,"minecraft:mossy_cobblestone":15,"travelersbackpack:standard":2,"minecraft:slime_ball":1,"minecraft:diamond":6,"minecraft:stone_axe":1,"iceandfire:lectern":2,"minecraft:soul_lantern":1,"minecraft:chainmail_leggings":2,"botania:orange_mystical_flower":1,"minecraft:iron_helmet":3,"minecraft:golden_apple":8,"minecraft:mossy_cobblestone_stairs":1,"minecraft:chainmail_helmet":2,"minecraft:bread":39,"tombstone:magic_scroll":1,"iceandfire:silver_nugget":10,"minecraft:coal":96,"minecraft:diamond_pickaxe":2},"minecraft:killed":{"vampirism:vampire":8,"minecraft:cave_spider":1,"minecraft:spider":5,"minecraft:slime":1,"vampirism:blinding_bat":1,"minecraft:skeleton":14,"minecraft:piglin_brute":1,"vampirism:vampire_baron":1,"minecraft:creeper":3,"vampirism:hunter":1,"minecraft:sheep":10,"minecraft:zombie":41,"minecraft:stray":9,"minecraft:wither_skeleton":7,"minecraft:cow":1},"minecraft:custom":{"minecraft:interact_with_anvil":12,"minecraft:mob_kills":106,"minecraft:interact_with_crafting_table":41,"minecraft:open_barrel":177,"minecraft:bell_ring":8,"minecraft:damage_dealt_resisted":40675,"minecraft:eat_cake_slice":2,"minecraft:leave_game":13,"minecraft:time_since_death":200222,"minecraft:climb_one_cm":24117,"minecraft:sprint_one_cm":520037,"minecraft:walk_one_cm":871817,"minecraft:drop":121,"vampirism:capture_village":1,"minecraft:damage_dealt_absorbed":6,"minecraft:sneak_time":6040,"minecraft:deaths":5,"minecraft:walk_under_water_one_cm":26819,"minecraft:jump":3332,"minecraft:walk_on_water_one_cm":58010,"vampirism:win_village_capture":2,"minecraft:interact_with_furnace":18,"minecraft:play_one_minute":279898,"minecraft:sleep_in_bed":3,"minecraft:time_since_rest":54532,"minecraft:open_enderchest":3,"minecraft:damage_taken":2147483647,"minecraft:damage_absorbed":279,"minecraft:damage_dealt":23966,"tombstone:cast_on_ally":1,"minecraft:swim_one_cm":17229,"minecraft:fly_one_cm":607589,"minecraft:open_chest":118,"minecraft:crouch_one_cm":14474,"tombstone:undead_killed":71,"vampirism:defend_village":1,"minecraft:interact_with_smoker":7,"minecraft:fall_one_cm":62702,"minecraft:horse_one_cm":318},"minecraft:crafted":{"securitycraft:mine":3,"minecraft:oak_planks":20,"minecraft:redstone":18,"securitycraft:sentry":2,"securitycraft:retinal_scanner":1,"securitycraft:scanner_door_item":1,"minecraft:cooked_mutton":7,"minecraft:glass_pane":16,"securitycraft:laser_block":1,"minecraft:glass":14,"byg:mangrove_planks":968,"securitycraft:universal_block_remover":1,"minecraft:iron_door":3,"minecraft:ender_eye":1,"securitycraft:portable_radar":2,"securitycraft:reinforced_dispenser":2,"minecraft:cooked_porkchop":3,"minecraft:crafting_table":1,"minecraft:spruce_planks":16,"minecraft:wooden_pickaxe":1,"minecraft:bucket":2,"occultism:dictionary_of_spirits":2,"vampirism:weapon_table":1,"minecraft:air":0,"securitycraft:dirt_mine":2,"securitycraft:remote_access_sentry":1,"securitycraft:door_indestructible_iron_item":1,"minecraft:torch":48,"minecraft:stick":24,"minecraft:iron_ingot":55,"minecraft:iron_block":7,"minecraft:redstone_torch":3,"minecraft:shears":1,"securitycraft:universal_block_reinforcer_lvl1":1}},"DataVersion":2586}