{"stats":{"minecraft:killed":{"vampirism:vampire":2,"minecraft:cave_spider":1,"minecraft:spider":4,"minecraft:skeleton":7,"minecraft:piglin_brute":1,"minecraft:creeper":2,"minecraft:sheep":4,"minecraft:zombie":27,"minecraft:stray":9,"minecraft:wither_skeleton":7,"minecraft:cow":1},"minecraft:dropped":{"minecraft:enchanted_book":1,"minecraft:gold_ore":3,"minecraft:iron_sword":4,"minecraft:wheat_seeds":3,"minecraft:mossy_cobblestone":2,"minecraft:glass_bottle":12,"botania:orange_mystical_flower":1,"minecraft:cobblestone":1,"minecraft:cracked_stone_bricks":40,"minecraft:coal":3,"minecraft:red_mushroom":3,"minecraft:stick":5,"tombstone:grave_key":1,"minecraft:mutton":2,"tombstone:grave_dust":4,"minecraft:potion":1,"minecraft:brown_terracotta":11,"minecraft:iron_leggings":3,"minecraft:iron_axe":1,"minecraft:string":7,"minecraft:dark_oak_planks":4,"minecraft:white_wool":4,"minecraft:bone":1,"minecraft:anvil":1,"minecraft:sugar_cane":2,"minecraft:iron_nugget":16,"minecraft:stone_sword":1,"minecraft:bowl":3,"minecraft:rotten_flesh":13,"minecraft:iron_boots":1,"minecraft:leather_chestplate":2,"vampirism:vampire_fang":3,"minecraft:spruce_planks":9,"minecraft:iron_chestplate":2,"occultism:dictionary_of_spirits":1,"minecraft:leather_leggings":1,"iceandfire:lectern":1,"minecraft:spruce_log":3,"minecraft:iron_bars":8,"minecraft:arrow":6,"minecraft:beef":6,"minecraft:stone_brick_stairs":1},"minecraft:used":{"minecraft:oak_sign":1,"minecraft:shield":43,"minecraft:stone":3,"minecraft:iron_sword":158,"minecraft:torch":119,"minecraft:dirt":12,"minecraft:carrot":4,"minecraft:iron_axe":106,"minecraft:bow":4,"minecraft:golden_carrot":8,"minecraft:sweet_berries":3,"securitycraft:dirt_mine":2,"tombstone:gift":6,"minecraft:cooked_beef":2,"minecraft:baked_potato":4,"minecraft:golden_apple":9,"minecraft:crafting_table":1,"vampirism:stake":1,"minecraft:spruce_log":7,"minecraft:diamond_pickaxe":35,"minecraft:apple":27,"minecraft:bread":34,"minecraft:iron_pickaxe":11,"securitycraft:mine":1,"minecraft:stone_axe":10,"minecraft:diamond_sword":16,"travelersbackpack:standard":2,"minecraft:cobblestone":1,"minecraft:potion":7},"minecraft:killed_by":{"minecraft:piglin_brute":1,"minecraft:zombie":1},"minecraft:mined":{"iceandfire:copper_pile":2,"minecraft:nether_bricks":1,"minecraft:granite":2,"minecraft:grass_block":10,"iceandfire:lectern":1,"minecraft:spruce_leaves":5,"minecraft:spawner":4,"minecraft:large_fern":1,"minecraft:hay_block":2,"minecraft:fire":16,"minecraft:stripped_spruce_log":1,"minecraft:bookshelf":4,"iceandfire:gold_pile":3,"minecraft:oak_sign":1,"minecraft:vine":5,"minecraft:iron_bars":14,"minecraft:stone":1,"botania:orange_mystical_flower":1,"minecraft:soul_lantern":1,"minecraft:oak_fence":1,"minecraft:cornflower":5,"minecraft:torch":1,"minecraft:mushroom_stem":3,"minecraft:tall_grass":1,"minecraft:cobblestone":8,"minecraft:wall_torch":2,"minecraft:sweet_berry_bush":1,"vampirism:med_chair":1,"minecraft:spruce_log":11,"securitycraft:dirt_mine":1,"minecraft:grass":35,"iceandfire:silver_pile":3,"minecraft:dirt":2,"minecraft:cracked_stone_bricks":1},"minecraft:broken":{"minecraft:chainmail_leggings":1,"minecraft:diamond_helmet":1,"minecraft:iron_boots":1,"minecraft:iron_chestplate":1,"minecraft:iron_leggings":1,"minecraft:chainmail_boots":1,"minecraft:golden_leggings":2,"minecraft:iron_axe":1,"minecraft:iron_helmet":1,"minecraft:golden_chestplate":1},"minecraft:picked_up":{"minecraft:iron_chestplate":4,"vampirism:injection_garlic":1,"minecraft:redstone_block":6,"minecraft:chainmail_boots":1,"iceandfire:witherbone":3,"minecraft:anvil":1,"minecraft:leather_leggings":1,"minecraft:diamond_sword":2,"minecraft:potion":3,"minecraft:enchanted_book":2,"tombstone:grave_key":1,"minecraft:shield":1,"minecraft:cornflower":3,"minecraft:string":8,"minecraft:iron_axe":2,"minecraft:iron_leggings":4,"minecraft:oak_sign":1,"minecraft:cracked_stone_bricks":40,"minecraft:spruce_planks":9,"minecraft:beef":10,"minecraft:iron_nugget":8,"minecraft:iron_pickaxe":1,"minecraft:sugar_cane":2,"occultism:dictionary_of_spirits":1,"minecraft:iron_boots":3,"minecraft:golden_helmet":1,"minecraft:tipped_arrow":2,"minecraft:stick":5,"minecraft:stone":3,"minecraft:brown_terracotta":11,"minecraft:torch":99,"minecraft:bowl":3,"minecraft:porkchop":1,"botania:pink_mushroom":1,"tombstone:grave_dust":10,"vampirism:vampire_fang":3,"minecraft:carrot":2,"minecraft:golden_chestplate":2,"minecraft:dark_oak_planks":4,"minecraft:stone_sword":1,"minecraft:arrow":20,"minecraft:rotten_flesh":19,"minecraft:mutton":6,"minecraft:iron_bars":12,"minecraft:white_wool":4,"minecraft:cobblestone":4,"occultism:datura_seeds":5,"minecraft:magma_block":3,"minecraft:leather_chestplate":2,"minecraft:golden_carrot":3,"minecraft:golden_leggings":3,"minecraft:red_mushroom":3,"vampirism:stake":5,"minecraft:chainmail_chestplate":1,"minecraft:gunpowder":12,"minecraft:dirt":12,"minecraft:bone":12,"minecraft:apple":26,"minecraft:stone_bricks":4,"minecraft:bow":1,"minecraft:wheat_seeds":10,"minecraft:iron_ingot":1,"minecraft:diamond_helmet":1,"minecraft:glass_bottle":7,"minecraft:iron_sword":3,"minecraft:book":12,"minecraft:sweet_berries":3,"minecraft:spruce_log":7,"minecraft:gold_ore":3,"minecraft:spider_eye":3,"minecraft:mossy_cobblestone":2,"travelersbackpack:standard":2,"minecraft:diamond":6,"minecraft:stone_axe":1,"minecraft:soul_lantern":1,"iceandfire:lectern":2,"minecraft:chainmail_leggings":2,"botania:orange_mystical_flower":1,"minecraft:iron_helmet":3,"minecraft:golden_apple":8,"minecraft:mossy_cobblestone_stairs":1,"minecraft:bread":23,"minecraft:chainmail_helmet":2,"tombstone:magic_scroll":1,"iceandfire:silver_nugget":10,"minecraft:coal":5,"minecraft:diamond_pickaxe":2},"minecraft:custom":{"minecraft:interact_with_anvil":9,"minecraft:mob_kills":67,"minecraft:interact_with_crafting_table":11,"minecraft:open_barrel":62,"minecraft:bell_ring":1,"minecraft:damage_dealt_resisted":70,"minecraft:eat_cake_slice":2,"minecraft:leave_game":8,"minecraft:time_since_death":91716,"minecraft:climb_one_cm":17719,"minecraft:sprint_one_cm":373508,"minecraft:walk_one_cm":563444,"minecraft:drop":87,"minecraft:damage_dealt_absorbed":6,"minecraft:sneak_time":3087,"minecraft:deaths":5,"minecraft:walk_under_water_one_cm":6236,"minecraft:jump":1956,"minecraft:walk_on_water_one_cm":15447,"minecraft:play_one_minute":170365,"minecraft:sleep_in_bed":2,"minecraft:time_since_rest":101057,"minecraft:damage_taken":6459,"minecraft:damage_absorbed":279,"minecraft:damage_dealt":14691,"tombstone:cast_on_ally":1,"minecraft:swim_one_cm":11042,"minecraft:fly_one_cm":363237,"minecraft:open_chest":105,"minecraft:crouch_one_cm":8105,"tombstone:undead_killed":50,"minecraft:fall_one_cm":37177,"minecraft:horse_one_cm":318},"minecraft:crafted":{"securitycraft:mine":3,"minecraft:crafting_table":1,"minecraft:spruce_planks":16,"minecraft:wooden_pickaxe":1,"occultism:dictionary_of_spirits":2,"securitycraft:dirt_mine":2,"minecraft:stick":4}},"DataVersion":2586}