{"stats":{"minecraft:killed":{"minecraft:spider":2,"minecraft:skeleton":1,"minecraft:zombie":10,"minecraft:stray":9,"minecraft:wither_skeleton":7},"minecraft:dropped":{"minecraft:wheat_seeds":1,"minecraft:glass_bottle":4,"minecraft:cobblestone":1,"minecraft:rotten_flesh":9,"minecraft:cracked_stone_bricks":1,"minecraft:coal":3,"minecraft:spruce_planks":7,"minecraft:potion":1,"minecraft:stone_brick_stairs":1,"minecraft:dark_oak_planks":4,"minecraft:string":2,"minecraft:bone":1},"minecraft:used":{"minecraft:shield":29,"minecraft:iron_sword":15,"minecraft:torch":26,"minecraft:golden_apple":6,"minecraft:crafting_table":1,"minecraft:spruce_log":7,"minecraft:iron_axe":76,"minecraft:bread":18,"minecraft:iron_pickaxe":11,"minecraft:potion":2,"minecraft:diamond_sword":16,"minecraft:bow":3,"minecraft:cobblestone":1,"travelersbackpack:standard":2,"minecraft:sweet_berries":3,"tombstone:gift":2},"minecraft:killed_by":{"minecraft:zombie":1},"minecraft:mined":{"minecraft:cobblestone":4,"minecraft:spruce_leaves":5,"minecraft:wall_torch":2,"minecraft:spawner":3,"minecraft:large_fern":1,"minecraft:sweet_berry_bush":1,"minecraft:spruce_log":11,"minecraft:vine":4,"minecraft:iron_bars":4},"minecraft:broken":{"minecraft:chainmail_leggings":1,"minecraft:diamond_helmet":1,"minecraft:iron_chestplate":1,"minecraft:iron_leggings":1,"minecraft:golden_chestplate":1,"minecraft:chainmail_boots":1,"minecraft:golden_leggings":1},"minecraft:picked_up":{"minecraft:iron_chestplate":3,"minecraft:magma_block":3,"minecraft:chainmail_boots":1,"iceandfire:witherbone":2,"minecraft:golden_leggings":2,"minecraft:diamond_sword":1,"minecraft:potion":1,"minecraft:shield":1,"minecraft:gunpowder":1,"minecraft:string":2,"minecraft:iron_axe":1,"minecraft:iron_leggings":2,"minecraft:bone":5,"minecraft:cracked_stone_bricks":1,"minecraft:bow":1,"minecraft:wheat_seeds":2,"minecraft:spruce_planks":7,"minecraft:glass_bottle":2,"minecraft:iron_pickaxe":1,"minecraft:diamond_helmet":1,"minecraft:iron_boots":2,"minecraft:tipped_arrow":2,"minecraft:sweet_berries":3,"minecraft:torch":30,"botania:pink_mushroom":1,"tombstone:grave_dust":7,"minecraft:spruce_log":7,"minecraft:spider_eye":1,"minecraft:golden_chestplate":1,"minecraft:dark_oak_planks":4,"travelersbackpack:standard":2,"minecraft:arrow":8,"minecraft:rotten_flesh":13,"minecraft:diamond":5,"minecraft:chainmail_leggings":2,"minecraft:iron_helmet":2,"minecraft:golden_apple":6,"minecraft:mossy_cobblestone_stairs":1,"minecraft:bread":23,"minecraft:chainmail_helmet":1,"minecraft:iron_bars":4,"minecraft:coal":3,"minecraft:diamond_pickaxe":2,"minecraft:cobblestone":4},"minecraft:crafted":{"minecraft:crafting_table":1,"minecraft:spruce_planks":16,"minecraft:wooden_pickaxe":1,"minecraft:stick":4},"minecraft:custom":{"minecraft:mob_kills":31,"minecraft:interact_with_crafting_table":3,"minecraft:play_one_minute":51194,"minecraft:leave_game":2,"minecraft:time_since_death":8120,"minecraft:sleep_in_bed":1,"minecraft:climb_one_cm":6719,"minecraft:time_since_rest":6783,"minecraft:sprint_one_cm":159490,"minecraft:damage_absorbed":160,"minecraft:damage_taken":2703,"minecraft:walk_one_cm":164496,"minecraft:drop":16,"minecraft:damage_dealt":6454,"minecraft:damage_dealt_absorbed":6,"minecraft:fly_one_cm":125824,"minecraft:open_chest":33,"minecraft:crouch_one_cm":2190,"minecraft:walk_under_water_one_cm":167,"tombstone:undead_killed":27,"minecraft:deaths":4,"minecraft:sneak_time":983,"minecraft:jump":659,"minecraft:walk_on_water_one_cm":7069,"minecraft:fall_one_cm":7679,"minecraft:horse_one_cm":318}},"DataVersion":2586}