{"stats":{"minecraft:killed":{"minecraft:spider":1,"minecraft:skeleton":1,"minecraft:zombie":8,"minecraft:stray":9,"minecraft:wither_skeleton":7},"minecraft:dropped":{"minecraft:cobblestone":1,"minecraft:spruce_planks":7,"minecraft:string":1,"minecraft:dark_oak_planks":4,"minecraft:bone":1},"minecraft:used":{"minecraft:shield":21,"minecraft:torch":21,"minecraft:golden_apple":3,"minecraft:crafting_table":1,"minecraft:iron_axe":71,"minecraft:bread":12,"minecraft:iron_pickaxe":11,"minecraft:cobblestone":1,"minecraft:bow":2,"travelersbackpack:standard":2,"minecraft:sweet_berries":3,"tombstone:gift":2},"minecraft:mined":{"minecraft:cobblestone":4,"minecraft:wall_torch":1,"minecraft:spawner":3,"minecraft:sweet_berry_bush":1,"minecraft:spruce_log":4,"minecraft:vine":4,"minecraft:iron_bars":4},"minecraft:broken":{"minecraft:chainmail_leggings":1,"minecraft:diamond_helmet":1,"minecraft:iron_chestplate":1,"minecraft:iron_leggings":1,"minecraft:golden_chestplate":1,"minecraft:chainmail_boots":1,"minecraft:golden_leggings":1},"minecraft:picked_up":{"minecraft:iron_chestplate":3,"minecraft:magma_block":3,"minecraft:chainmail_boots":1,"iceandfire:witherbone":2,"minecraft:golden_leggings":2,"minecraft:diamond_sword":1,"minecraft:shield":1,"minecraft:gunpowder":1,"minecraft:string":2,"minecraft:iron_axe":1,"minecraft:iron_leggings":2,"minecraft:bone":5,"minecraft:bow":1,"minecraft:spruce_planks":7,"minecraft:iron_pickaxe":1,"minecraft:diamond_helmet":1,"minecraft:iron_boots":2,"minecraft:tipped_arrow":2,"minecraft:sweet_berries":3,"minecraft:torch":29,"botania:pink_mushroom":1,"tombstone:grave_dust":7,"minecraft:spruce_log":4,"minecraft:golden_chestplate":1,"minecraft:spider_eye":1,"minecraft:dark_oak_planks":4,"travelersbackpack:standard":2,"minecraft:arrow":8,"minecraft:rotten_flesh":10,"minecraft:diamond":5,"minecraft:chainmail_leggings":2,"minecraft:iron_helmet":2,"minecraft:golden_apple":6,"minecraft:bread":14,"minecraft:chainmail_helmet":1,"minecraft:iron_bars":4,"minecraft:coal":3,"minecraft:cobblestone":4,"minecraft:diamond_pickaxe":2},"minecraft:crafted":{"minecraft:crafting_table":1,"minecraft:spruce_planks":16,"minecraft:wooden_pickaxe":1,"minecraft:stick":4},"minecraft:custom":{"minecraft:mob_kills":27,"minecraft:interact_with_crafting_table":3,"minecraft:play_one_minute":27779,"minecraft:time_since_death":1357,"minecraft:climb_one_cm":4032,"minecraft:time_since_rest":758,"minecraft:sprint_one_cm":69329,"minecraft:damage_taken":1481,"minecraft:walk_one_cm":84284,"minecraft:damage_absorbed":80,"minecraft:drop":5,"minecraft:damage_dealt":5179,"minecraft:fly_one_cm":50050,"minecraft:open_chest":24,"minecraft:crouch_one_cm":2190,"tombstone:undead_killed":25,"minecraft:deaths":2,"minecraft:sneak_time":970,"minecraft:jump":293,"minecraft:walk_on_water_one_cm":4300,"minecraft:fall_one_cm":2899}},"DataVersion":2586}