{"stats":{"minecraft:killed":{"minecraft:spider":1,"minecraft:skeleton":1,"minecraft:zombie":9,"minecraft:stray":9,"minecraft:wither_skeleton":7},"minecraft:dropped":{"minecraft:wheat_seeds":1,"minecraft:cobblestone":1,"minecraft:rotten_flesh":9,"minecraft:cracked_stone_bricks":1,"minecraft:coal":3,"minecraft:spruce_planks":7,"minecraft:stone_brick_stairs":1,"minecraft:dark_oak_planks":4,"minecraft:string":2,"minecraft:bone":1},"minecraft:used":{"minecraft:shield":25,"minecraft:torch":23,"minecraft:golden_apple":6,"minecraft:crafting_table":1,"minecraft:iron_axe":71,"minecraft:bread":14,"minecraft:iron_pickaxe":11,"minecraft:diamond_sword":16,"minecraft:cobblestone":1,"minecraft:bow":3,"travelersbackpack:standard":2,"minecraft:sweet_berries":3,"tombstone:gift":2},"minecraft:mined":{"minecraft:cobblestone":4,"minecraft:spruce_leaves":1,"minecraft:wall_torch":2,"minecraft:spawner":3,"minecraft:large_fern":1,"minecraft:sweet_berry_bush":1,"minecraft:spruce_log":4,"minecraft:vine":4,"minecraft:iron_bars":4},"minecraft:broken":{"minecraft:chainmail_leggings":1,"minecraft:diamond_helmet":1,"minecraft:iron_chestplate":1,"minecraft:iron_leggings":1,"minecraft:golden_chestplate":1,"minecraft:chainmail_boots":1,"minecraft:golden_leggings":1},"minecraft:picked_up":{"minecraft:iron_chestplate":3,"minecraft:magma_block":3,"minecraft:chainmail_boots":1,"iceandfire:witherbone":2,"minecraft:golden_leggings":2,"minecraft:diamond_sword":1,"minecraft:shield":1,"minecraft:gunpowder":1,"minecraft:string":2,"minecraft:iron_axe":1,"minecraft:iron_leggings":2,"minecraft:bone":5,"minecraft:cracked_stone_bricks":1,"minecraft:bow":1,"minecraft:wheat_seeds":1,"minecraft:spruce_planks":7,"minecraft:iron_pickaxe":1,"minecraft:diamond_helmet":1,"minecraft:iron_boots":2,"minecraft:tipped_arrow":2,"minecraft:sweet_berries":3,"minecraft:torch":30,"botania:pink_mushroom":1,"tombstone:grave_dust":7,"minecraft:spruce_log":4,"minecraft:spider_eye":1,"minecraft:golden_chestplate":1,"minecraft:dark_oak_planks":4,"travelersbackpack:standard":2,"minecraft:arrow":8,"minecraft:rotten_flesh":11,"minecraft:diamond":5,"minecraft:chainmail_leggings":2,"minecraft:iron_helmet":2,"minecraft:golden_apple":6,"minecraft:mossy_cobblestone_stairs":1,"minecraft:bread":14,"minecraft:chainmail_helmet":1,"minecraft:iron_bars":4,"minecraft:coal":3,"minecraft:diamond_pickaxe":2,"minecraft:cobblestone":4},"minecraft:crafted":{"minecraft:crafting_table":1,"minecraft:spruce_planks":16,"minecraft:wooden_pickaxe":1,"minecraft:stick":4},"minecraft:custom":{"minecraft:mob_kills":28,"minecraft:interact_with_crafting_table":3,"minecraft:play_one_minute":39869,"minecraft:leave_game":2,"minecraft:time_since_death":5651,"minecraft:climb_one_cm":6263,"minecraft:time_since_rest":5232,"minecraft:sprint_one_cm":122651,"minecraft:walk_one_cm":127671,"minecraft:damage_taken":2212,"minecraft:damage_absorbed":160,"minecraft:drop":11,"minecraft:damage_dealt":5650,"minecraft:damage_dealt_absorbed":6,"minecraft:fly_one_cm":100544,"minecraft:open_chest":29,"minecraft:crouch_one_cm":2190,"tombstone:undead_killed":26,"minecraft:deaths":3,"minecraft:sneak_time":983,"minecraft:jump":531,"minecraft:walk_on_water_one_cm":4300,"minecraft:fall_one_cm":6516,"minecraft:horse_one_cm":318}},"DataVersion":2586}