{"stats":{"minecraft:killed":{"vampirism:vampire":10,"minecraft:cave_spider":1,"vampirism:advanced_vampire":2,"minecraft:spider":15,"vampirism:blinding_bat":1,"minecraft:skeleton":23,"minecraft:piglin_brute":1,"vampirism:vampire_baron":1,"minecraft:creeper":4,"vampirism:hunter":1,"minecraft:sheep":10,"minecraft:zombie":57,"minecraft:stray":10,"minecraft:blaze":6,"minecraft:cow":1,"minecraft:slime":1,"minecraft:bat":1,"minecraft:wither_skeleton":7},"minecraft:dropped":{"minecraft:gold_ore":3,"minecraft:iron_sword":5,"occultism:datura_seeds":4,"botania:orange_mushroom":1,"minecraft:glass_bottle":13,"minecraft:crafting_table":1,"minecraft:cracked_stone_bricks":41,"minecraft:red_mushroom":3,"minecraft:dirt":5,"minecraft:mutton":2,"minecraft:dark_oak_planks":4,"minecraft:white_wool":4,"minecraft:bone":11,"minecraft:sugar_cane":2,"minecraft:iron_nugget":16,"minecraft:rotten_flesh":40,"minecraft:glowstone_dust":6,"minecraft:leather_chestplate":2,"minecraft:gunpowder":6,"vampirism:vampire_fang":3,"occultism:dictionary_of_spirits":1,"minecraft:leather_leggings":1,"minecraft:iron_bars":10,"minecraft:arrow":10,"minecraft:beef":6,"minecraft:stone_brick_stairs":1,"minecraft:enchanted_book":1,"minecraft:wheat_seeds":5,"minecraft:mossy_cobblestone":6,"botania:orange_mystical_flower":1,"minecraft:cobblestone":1,"minecraft:coal":3,"minecraft:stick":5,"tombstone:grave_key":1,"byg:soapstone":6,"vampirism:cursed_earth":1,"minecraft:iron_leggings":3,"tombstone:grave_dust":9,"minecraft:potion":1,"minecraft:brown_terracotta":11,"minecraft:iron_axe":1,"minecraft:string":14,"minecraft:dandelion":2,"minecraft:anvil":1,"minecraft:stone_sword":1,"minecraft:cocoa_beans":2,"minecraft:bowl":3,"minecraft:iron_boots":1,"minecraft:spruce_planks":9,"minecraft:iron_chestplate":2,"minecraft:andesite":2,"minecraft:mossy_stone_bricks":1,"minecraft:oak_sapling":6,"iceandfire:lectern":1,"minecraft:spider_eye":3,"minecraft:spruce_log":3,"securitycraft:universal_block_reinforcer_lvl1":1,"botania:lime_mystical_flower":2},"minecraft:used":{"minecraft:oak_sign":1,"byg:mangrove_log":324,"minecraft:chest":15,"minecraft:shield":105,"minecraft:stone":3,"minecraft:iron_sword":507,"minecraft:rotten_flesh":9,"minecraft:carrot":4,"minecraft:bow":4,"minecraft:sweet_berries":3,"vampirism:weapon_table":1,"minecraft:oak_planks":1,"minecraft:golden_apple":14,"vampirism:stake":39,"minecraft:bread":70,"securitycraft:mine":1,"minecraft:diamond_sword":16,"minecraft:cooked_chicken":4,"minecraft:torch":273,"minecraft:dirt":14,"minecraft:spruce_fence":1,"securitycraft:reinforced_dirt":10,"minecraft:iron_axe":106,"securitycraft:remote_access_sentry":4,"securitycraft:sentry":5,"minecraft:golden_carrot":11,"securitycraft:dirt_mine":2,"tombstone:gift":7,"minecraft:cooked_beef":4,"minecraft:cooked_mutton":7,"minecraft:water_bucket":10,"minecraft:baked_potato":4,"minecraft:chiseled_nether_bricks":2,"securitycraft:scanner_door_item":1,"minecraft:mossy_cobblestone":7,"minecraft:crafting_table":1,"minecraft:spruce_log":7,"tombstone:bag_of_seeds":2,"minecraft:oak_log":27,"minecraft:diamond_pickaxe":447,"minecraft:apple":29,"minecraft:iron_pickaxe":11,"minecraft:stone_axe":65,"minecraft:cobblestone":60,"minecraft:potion":8,"travelersbackpack:standard":2,"minecraft:cooked_porkchop":4,"byg:scoria_cobblestone":2,"minecraft:bucket":12,"minecraft:yellow_bed":1},"minecraft:killed_by":{"minecraft:piglin_brute":1,"minecraft:zombie":1},"minecraft:mined":{"occultism:copper_ore":23,"iceandfire:copper_pile":2,"minecraft:granite":2,"minecraft:grass_block":23,"iceandfire:lectern":1,"minecraft:spawner":11,"minecraft:iron_ore":65,"minecraft:fire":17,"minecraft:barrel":1,"iceandfire:gold_pile":3,"minecraft:oak_sign":1,"minecraft:iron_bars":16,"occultism:silver_ore":16,"botania:orange_mystical_flower":1,"minecraft:soul_lantern":1,"minecraft:torch":6,"minecraft:chest":2,"minecraft:mushroom_stem":3,"minecraft:cobblestone":25,"minecraft:oak_planks":1,"minecraft:wall_torch":5,"byg:soapstone":6,"vampirism:med_chair":1,"minecraft:grass":58,"minecraft:oak_log":34,"minecraft:sand":7,"minecraft:dirt":5,"minecraft:oak_leaves":4,"minecraft:mossy_cobblestone":13,"byg:water_silk":28,"minecraft:nether_bricks":1,"minecraft:spruce_fence":1,"minecraft:spruce_leaves":5,"minecraft:large_fern":1,"minecraft:hay_block":2,"byg:mangrove_log":330,"minecraft:redstone_ore":6,"iceandfire:copper_ore":5,"minecraft:andesite":4,"minecraft:stripped_spruce_log":1,"minecraft:bookshelf":4,"minecraft:vine":7,"minecraft:brain_coral_wall_fan":1,"byg:rocky_stone":5,"minecraft:stone":162,"botania:lime_mystical_flower":2,"minecraft:redstone_block":1,"minecraft:chiseled_nether_bricks":2,"minecraft:stone_brick_slab":2,"minecraft:spruce_door":1,"minecraft:dandelion":1,"minecraft:oak_fence":1,"vampirism:cursed_grass":1,"minecraft:cornflower":5,"minecraft:tall_grass":10,"minecraft:lapis_ore":2,"minecraft:diorite":1,"byg:scoria_stone":2,"minecraft:sweet_berry_bush":1,"minecraft:spruce_log":11,"minecraft:yellow_bed":1,"securitycraft:dirt_mine":1,"minecraft:coal_ore":51,"iceandfire:silver_pile":3,"minecraft:cobweb":11,"minecraft:cracked_stone_bricks":1,"minecraft:mossy_stone_bricks":2,"minecraft:gold_ore":14},"minecraft:broken":{"minecraft:diamond_helmet":1,"minecraft:iron_boots":2,"minecraft:iron_chestplate":2,"minecraft:iron_leggings":1,"minecraft:chainmail_boots":1,"minecraft:golden_leggings":2,"minecraft:chainmail_chestplate":1,"minecraft:stone_axe":1,"minecraft:golden_chestplate":1,"minecraft:chainmail_leggings":1,"minecraft:iron_axe":1,"minecraft:iron_helmet":3},"minecraft:picked_up":{"vampirism:injection_garlic":1,"minecraft:iron_chestplate":6,"minecraft:redstone_block":7,"minecraft:chainmail_boots":1,"iceandfire:copper_ore":4,"minecraft:anvil":1,"minecraft:diamond_sword":2,"minecraft:potion":4,"minecraft:enchanted_book":3,"tombstone:grave_key":1,"minecraft:string":69,"minecraft:iron_leggings":4,"securitycraft:reinforced_dirt":10,"minecraft:oak_sign":1,"minecraft:spruce_planks":9,"minecraft:iron_pickaxe":2,"minecraft:iron_boots":4,"minecraft:tipped_arrow":3,"minecraft:golden_helmet":1,"minecraft:stick":12,"minecraft:brown_terracotta":11,"minecraft:torch":119,"minecraft:porkchop":1,"vampirism:vampire_fang":14,"tombstone:grave_dust":17,"minecraft:diorite":1,"minecraft:golden_chestplate":2,"minecraft:chiseled_nether_bricks":2,"minecraft:stone_sword":1,"minecraft:rotten_flesh":80,"occultism:copper_ore":23,"minecraft:blaze_rod":2,"minecraft:iron_bars":16,"minecraft:cobblestone":181,"occultism:datura_seeds":10,"minecraft:magma_block":3,"minecraft:leather_chestplate":2,"minecraft:cooked_beef":2,"minecraft:andesite":4,"occultism:silver_ore":16,"minecraft:golden_leggings":4,"minecraft:potato":1,"vampirism:stake":6,"minecraft:lapis_lazuli":14,"minecraft:dirt":32,"securitycraft:sentry":3,"vampirism:soul_orb_vampire":17,"minecraft:bone":28,"minecraft:bow":1,"minecraft:wheat_seeds":16,"minecraft:mossy_stone_bricks":1,"minecraft:diamond_helmet":1,"minecraft:oak_planks":1,"minecraft:cooked_porkchop":1,"minecraft:sand":14,"minecraft:mossy_cobblestone":19,"minecraft:soul_lantern":2,"minecraft:diamond":6,"iceandfire:lectern":2,"botania:orange_mushroom":1,"minecraft:golden_apple":14,"minecraft:bread":57,"minecraft:chainmail_helmet":2,"minecraft:oak_sapling":6,"iceandfire:silver_nugget":10,"minecraft:diamond_pickaxe":2,"minecraft:cocoa_beans":1,"minecraft:crafting_table":1,"byg:soapstone":6,"iceandfire:witherbone":3,"minecraft:leather_leggings":1,"byg:mangrove_sapling":13,"usefulbackpacks:backpack_medium":1,"minecraft:shield":1,"minecraft:cornflower":3,"minecraft:iron_axe":2,"byg:mangrove_log":242,"minecraft:blue_orchid":4,"minecraft:cracked_stone_bricks":41,"vampirism:cursed_earth":1,"minecraft:beef":10,"minecraft:iron_nugget":8,"minecraft:sugar_cane":2,"minecraft:chest":3,"occultism:dictionary_of_spirits":1,"minecraft:stone":4,"securitycraft:reinforced_cobblestone":22,"minecraft:bowl":3,"minecraft:spruce_fence":1,"botania:pink_mushroom":1,"minecraft:carrot":2,"minecraft:redstone":27,"minecraft:dark_oak_planks":4,"minecraft:arrow":37,"minecraft:diamond_chestplate":1,"botania:lime_mystical_flower":4,"tombstone:essence_of_undeath":1,"minecraft:mutton":13,"byg:rocky_stone":4,"minecraft:white_wool":10,"vampirism:vampire_blood_bottle":22,"minecraft:golden_carrot":8,"minecraft:red_mushroom":3,"minecraft:oak_log":34,"minecraft:chainmail_chestplate":2,"minecraft:yellow_bed":1,"minecraft:gunpowder":15,"minecraft:spawner":1,"chococraft:chocobo_feather":1,"vampirism:human_heart":1,"byg:scoria_cobblestone":2,"minecraft:apple":28,"minecraft:stone_bricks":4,"minecraft:iron_ingot":1,"minecraft:cooked_chicken":4,"minecraft:iron_ore":131,"securitycraft:universal_block_reinforcer_lvl1":1,"minecraft:glass_bottle":7,"minecraft:iron_sword":3,"minecraft:book":12,"minecraft:sweet_berries":3,"minecraft:stone_brick_slab":1,"minecraft:dandelion":2,"securitycraft:portable_radar":1,"minecraft:spruce_log":7,"securitycraft:reinforced_iron_block":6,"minecraft:gold_ore":17,"minecraft:spruce_door":1,"minecraft:spider_eye":11,"minecraft:leather_helmet":1,"travelersbackpack:standard":2,"minecraft:coal_ore":1,"minecraft:slime_ball":1,"minecraft:stone_axe":1,"botania:orange_mystical_flower":1,"minecraft:iron_helmet":4,"minecraft:chainmail_leggings":2,"minecraft:mossy_cobblestone_stairs":1,"tombstone:magic_scroll":4,"minecraft:coal":96},"minecraft:custom":{"minecraft:interact_with_crafting_table":45,"minecraft:open_barrel":184,"minecraft:bell_ring":8,"minecraft:eat_cake_slice":2,"minecraft:leave_game":17,"minecraft:time_since_death":18796,"minecraft:sprint_one_cm":704718,"minecraft:drop":166,"minecraft:deaths":6,"minecraft:jump":4415,"minecraft:walk_on_water_one_cm":63878,"minecraft:interact_with_furnace":21,"minecraft:play_one_minute":359456,"minecraft:sleep_in_bed":3,"minecraft:open_enderchest":3,"minecraft:damage_dealt":34863,"minecraft:crouch_one_cm":16578,"tombstone:undead_killed":97,"minecraft:interact_with_smoker":7,"minecraft:horse_one_cm":318,"minecraft:mob_kills":149,"minecraft:interact_with_anvil":12,"minecraft:damage_dealt_resisted":40728,"minecraft:climb_one_cm":31803,"minecraft:walk_one_cm":1223281,"vampirism:capture_village":1,"minecraft:damage_dealt_absorbed":6,"minecraft:sneak_time":6655,"minecraft:walk_under_water_one_cm":27595,"vampirism:win_village_capture":2,"minecraft:time_since_rest":19094,"minecraft:damage_taken":2147483647,"minecraft:damage_absorbed":462,"tombstone:cast_on_ally":1,"minecraft:swim_one_cm":17229,"minecraft:fly_one_cm":843917,"minecraft:open_chest":201,"vampirism:defend_village":1,"minecraft:fall_one_cm":66700},"minecraft:crafted":{"minecraft:oak_planks":136,"securitycraft:mine":3,"securitycraft:scanner_door_item":1,"minecraft:cooked_mutton":7,"securitycraft:laser_block":1,"minecraft:glass":14,"byg:mangrove_planks":968,"minecraft:chest":12,"minecraft:iron_door":3,"occultism:copper_ingot":3,"minecraft:ender_eye":1,"minecraft:cooked_porkchop":3,"minecraft:crafting_table":1,"minecraft:spruce_planks":16,"minecraft:wooden_pickaxe":1,"minecraft:stick":44,"minecraft:iron_ingot":55,"minecraft:iron_block":7,"minecraft:redstone_torch":3,"minecraft:shears":1,"securitycraft:universal_block_reinforcer_lvl1":1,"minecraft:redstone":18,"securitycraft:sentry":2,"securitycraft:retinal_scanner":1,"minecraft:glass_pane":16,"minecraft:diamond":9,"securitycraft:universal_block_remover":1,"securitycraft:portable_radar":2,"securitycraft:reinforced_dispenser":2,"minecraft:bucket":2,"occultism:dictionary_of_spirits":2,"vampirism:weapon_table":1,"minecraft:air":0,"securitycraft:dirt_mine":2,"securitycraft:door_indestructible_iron_item":1,"securitycraft:remote_access_sentry":1,"minecraft:torch":128}},"DataVersion":2586}