{"stats":{"minecraft:killed":{"minecraft:cave_spider":1,"minecraft:spider":4,"minecraft:skeleton":7,"minecraft:piglin_brute":1,"minecraft:creeper":2,"minecraft:sheep":4,"minecraft:zombie":22,"minecraft:stray":9,"minecraft:wither_skeleton":7,"minecraft:cow":1},"minecraft:dropped":{"minecraft:gold_ore":3,"minecraft:iron_sword":1,"minecraft:wheat_seeds":2,"minecraft:glass_bottle":7,"botania:orange_mystical_flower":1,"minecraft:cobblestone":1,"minecraft:cracked_stone_bricks":1,"minecraft:coal":3,"minecraft:red_mushroom":3,"minecraft:stick":5,"tombstone:grave_key":1,"minecraft:mutton":2,"minecraft:potion":1,"minecraft:brown_terracotta":11,"minecraft:iron_axe":1,"minecraft:dark_oak_planks":4,"minecraft:string":6,"minecraft:white_wool":4,"minecraft:bone":1,"minecraft:sugar_cane":2,"minecraft:iron_nugget":16,"minecraft:stone_sword":1,"minecraft:bowl":3,"minecraft:rotten_flesh":11,"minecraft:leather_chestplate":2,"minecraft:spruce_planks":9,"minecraft:iron_chestplate":2,"minecraft:leather_leggings":1,"minecraft:spruce_log":3,"minecraft:iron_bars":2,"minecraft:beef":6,"minecraft:stone_brick_stairs":1},"minecraft:used":{"minecraft:oak_sign":1,"minecraft:shield":39,"minecraft:iron_sword":77,"minecraft:torch":90,"minecraft:iron_axe":106,"minecraft:bow":4,"minecraft:sweet_berries":3,"tombstone:gift":2,"minecraft:cooked_beef":2,"minecraft:baked_potato":4,"minecraft:golden_apple":7,"minecraft:crafting_table":1,"minecraft:spruce_log":7,"minecraft:diamond_pickaxe":26,"minecraft:apple":6,"minecraft:bread":34,"minecraft:iron_pickaxe":11,"minecraft:stone_axe":10,"minecraft:diamond_sword":16,"minecraft:potion":4,"minecraft:cobblestone":1,"travelersbackpack:standard":2},"minecraft:killed_by":{"minecraft:piglin_brute":1,"minecraft:zombie":1},"minecraft:mined":{"iceandfire:copper_pile":2,"minecraft:granite":2,"iceandfire:lectern":1,"minecraft:spruce_leaves":5,"minecraft:spawner":3,"minecraft:large_fern":1,"minecraft:hay_block":2,"minecraft:stripped_spruce_log":1,"minecraft:bookshelf":4,"iceandfire:gold_pile":3,"minecraft:oak_sign":1,"minecraft:vine":4,"minecraft:iron_bars":8,"minecraft:stone":1,"botania:orange_mystical_flower":1,"minecraft:soul_lantern":1,"minecraft:oak_fence":1,"minecraft:mushroom_stem":3,"minecraft:cobblestone":8,"minecraft:wall_torch":2,"minecraft:sweet_berry_bush":1,"minecraft:spruce_log":11,"minecraft:grass":1,"iceandfire:silver_pile":3,"minecraft:cracked_stone_bricks":1},"minecraft:broken":{"minecraft:chainmail_leggings":1,"minecraft:diamond_helmet":1,"minecraft:iron_boots":1,"minecraft:iron_chestplate":1,"minecraft:iron_leggings":1,"minecraft:chainmail_boots":1,"minecraft:golden_leggings":2,"minecraft:iron_axe":1,"minecraft:golden_chestplate":1},"minecraft:picked_up":{"minecraft:iron_chestplate":4,"minecraft:chainmail_boots":1,"iceandfire:witherbone":2,"minecraft:leather_leggings":1,"minecraft:diamond_sword":1,"minecraft:potion":2,"minecraft:enchanted_book":1,"tombstone:grave_key":1,"minecraft:shield":1,"minecraft:string":7,"minecraft:iron_axe":2,"minecraft:iron_leggings":2,"minecraft:oak_sign":1,"minecraft:cracked_stone_bricks":1,"minecraft:spruce_planks":9,"minecraft:beef":10,"minecraft:iron_nugget":8,"minecraft:iron_pickaxe":1,"minecraft:sugar_cane":2,"minecraft:iron_boots":2,"minecraft:golden_helmet":1,"minecraft:tipped_arrow":2,"minecraft:stick":5,"minecraft:brown_terracotta":11,"minecraft:torch":61,"minecraft:bowl":3,"minecraft:porkchop":1,"botania:pink_mushroom":1,"tombstone:grave_dust":7,"minecraft:golden_chestplate":1,"minecraft:dark_oak_planks":4,"minecraft:rotten_flesh":13,"minecraft:stone_sword":1,"minecraft:arrow":9,"minecraft:mutton":6,"minecraft:iron_bars":6,"minecraft:white_wool":4,"minecraft:cobblestone":4,"minecraft:magma_block":3,"minecraft:leather_chestplate":2,"minecraft:golden_leggings":3,"minecraft:red_mushroom":3,"minecraft:chainmail_chestplate":1,"minecraft:gunpowder":1,"minecraft:bone":9,"minecraft:apple":5,"minecraft:stone_bricks":4,"minecraft:bow":1,"minecraft:wheat_seeds":2,"minecraft:iron_ingot":1,"minecraft:diamond_helmet":1,"minecraft:glass_bottle":3,"minecraft:book":12,"minecraft:sweet_berries":3,"minecraft:spruce_log":7,"minecraft:gold_ore":3,"minecraft:spider_eye":3,"travelersbackpack:standard":2,"minecraft:diamond":5,"minecraft:stone_axe":1,"iceandfire:lectern":1,"minecraft:soul_lantern":1,"minecraft:chainmail_leggings":2,"minecraft:iron_helmet":3,"botania:orange_mystical_flower":1,"minecraft:golden_apple":7,"minecraft:mossy_cobblestone_stairs":1,"minecraft:bread":23,"minecraft:chainmail_helmet":2,"tombstone:magic_scroll":1,"minecraft:coal":3,"iceandfire:silver_nugget":10,"minecraft:diamond_pickaxe":2},"minecraft:crafted":{"minecraft:crafting_table":1,"minecraft:spruce_planks":16,"minecraft:wooden_pickaxe":1,"minecraft:stick":4},"minecraft:custom":{"minecraft:interact_with_anvil":3,"minecraft:mob_kills":60,"minecraft:interact_with_crafting_table":3,"minecraft:open_barrel":13,"minecraft:bell_ring":1,"minecraft:damage_dealt_resisted":70,"minecraft:eat_cake_slice":2,"minecraft:leave_game":5,"minecraft:time_since_death":26588,"minecraft:climb_one_cm":11070,"minecraft:sprint_one_cm":296121,"minecraft:walk_one_cm":347873,"minecraft:drop":53,"minecraft:damage_dealt_absorbed":6,"minecraft:deaths":5,"minecraft:sneak_time":1195,"minecraft:walk_under_water_one_cm":660,"minecraft:jump":1370,"minecraft:walk_on_water_one_cm":10598,"minecraft:play_one_minute":98603,"minecraft:sleep_in_bed":2,"minecraft:time_since_rest":29295,"minecraft:damage_taken":4495,"minecraft:damage_absorbed":200,"minecraft:damage_dealt":11999,"minecraft:swim_one_cm":11042,"minecraft:fly_one_cm":270194,"minecraft:open_chest":76,"minecraft:crouch_one_cm":2704,"tombstone:undead_killed":45,"minecraft:fall_one_cm":24878,"minecraft:horse_one_cm":318}},"DataVersion":2586}