{"stats":{"minecraft:crafted":{"securitycraft:mine":3,"minecraft:smooth_stone":6,"minecraft:oak_planks":136,"byg:zelkova_planks":44,"minecraft:chain":4,"byg:mangrove_fence":21,"minecraft:stone":12,"securitycraft:scanner_door_item":1,"minecraft:cooked_mutton":7,"securitycraft:laser_block":1,"minecraft:glass":14,"byg:mangrove_planks":1704,"minecraft:chest":12,"minecraft:iron_door":3,"occultism:copper_ingot":3,"minecraft:ender_eye":1,"minecraft:cooked_porkchop":3,"minecraft:crafting_table":2,"minecraft:spruce_planks":16,"minecraft:wooden_pickaxe":1,"minecraft:stick":120,"minecraft:iron_ingot":119,"minecraft:iron_block":7,"minecraft:gold_ingot":35,"minecraft:redstone_torch":3,"minecraft:shears":1,"securitycraft:universal_block_reinforcer_lvl1":1,"byg:mangrove_door":3,"minecraft:redstone":18,"securitycraft:sentry":2,"minecraft:iron_nugget":18,"minecraft:furnace":4,"minecraft:blast_furnace":1,"securitycraft:retinal_scanner":1,"minecraft:glass_pane":16,"minecraft:diamond":9,"minecraft:dark_oak_fence":99,"securitycraft:universal_block_remover":1,"minecraft:netherite_scrap":5,"minecraft:dark_oak_planks":248,"securitycraft:portable_radar":2,"securitycraft:reinforced_dispenser":2,"byg:mangrove_slab":282,"byg:mangrove_stairs":104,"minecraft:bucket":3,"occultism:dictionary_of_spirits":2,"vampirism:weapon_table":1,"minecraft:air":0,"securitycraft:dirt_mine":2,"securitycraft:remote_access_sentry":1,"securitycraft:door_indestructible_iron_item":1,"minecraft:stonecutter":1,"minecraft:torch":128},"minecraft:mined":{"occultism:copper_ore":23,"iceandfire:copper_pile":2,"minecraft:granite":2,"minecraft:grass_block":205,"iceandfire:lectern":1,"byg:mangrove_fence":9,"minecraft:spawner":11,"minecraft:iron_ore":65,"minecraft:fire":17,"minecraft:barrel":1,"minecraft:anvil":1,"iceandfire:gold_pile":3,"minecraft:oak_sign":1,"byg:mangrove_slab":13,"minecraft:iron_bars":16,"occultism:silver_ore":16,"vampirism:church_altar":1,"botania:orange_mystical_flower":1,"minecraft:smoker":2,"minecraft:soul_lantern":1,"minecraft:torch":8,"minecraft:blast_furnace":1,"minecraft:chest":2,"minecraft:mushroom_stem":3,"minecraft:cobblestone":25,"minecraft:oak_planks":1,"minecraft:wall_torch":7,"minecraft:chain":3,"byg:soapstone":6,"minecraft:wheat":1,"vampirism:med_chair":1,"minecraft:grass":170,"minecraft:oak_log":34,"minecraft:sand":25,"minecraft:dirt":51,"minecraft:stonecutter":1,"minecraft:oak_leaves":4,"minecraft:mossy_cobblestone":13,"byg:water_silk":39,"minecraft:dark_oak_log":99,"byg:zelkova_log":81,"minecraft:nether_bricks":1,"minecraft:dark_oak_fence":1,"minecraft:spruce_fence":1,"minecraft:spruce_leaves":5,"byg:mangrove_planks":203,"minecraft:large_fern":1,"minecraft:hay_block":2,"byg:mangrove_log":547,"minecraft:redstone_ore":6,"minecraft:furnace":1,"minecraft:carrots":8,"iceandfire:copper_ore":5,"minecraft:andesite":4,"minecraft:stripped_spruce_log":1,"minecraft:bookshelf":4,"minecraft:potatoes":6,"minecraft:vine":7,"minecraft:lantern":5,"minecraft:brain_coral_wall_fan":1,"byg:rocky_stone":5,"minecraft:stone":168,"botania:lime_mystical_flower":2,"minecraft:redstone_block":1,"minecraft:chiseled_nether_bricks":2,"minecraft:stone_brick_slab":2,"minecraft:dandelion":1,"minecraft:spruce_door":1,"minecraft:crafting_table":1,"minecraft:oak_fence":1,"vampirism:cursed_grass":1,"minecraft:cornflower":5,"minecraft:tall_grass":10,"minecraft:lapis_ore":2,"minecraft:diorite":1,"byg:scoria_stone":2,"minecraft:sweet_berry_bush":1,"minecraft:spruce_log":11,"minecraft:yellow_bed":1,"securitycraft:dirt_mine":1,"botania:white_mystical_flower":5,"minecraft:coal_ore":51,"iceandfire:silver_pile":3,"byg:mangrove_stairs":14,"minecraft:cobweb":11,"minecraft:cracked_stone_bricks":1,"minecraft:chipped_anvil":1,"minecraft:mossy_stone_bricks":2,"minecraft:gold_ore":14},"minecraft:picked_up":{"minecraft:iron_chestplate":6,"vampirism:injection_garlic":1,"minecraft:wheat":1,"minecraft:redstone_block":7,"minecraft:chainmail_boots":1,"iceandfire:copper_ore":4,"minecraft:anvil":2,"minecraft:diamond_sword":2,"minecraft:potion":4,"minecraft:enchanted_book":3,"tombstone:grave_key":1,"byg:mangrove_fence":9,"minecraft:string":72,"minecraft:iron_leggings":4,"securitycraft:reinforced_dirt":10,"minecraft:oak_sign":1,"minecraft:spruce_planks":9,"minecraft:iron_pickaxe":2,"minecraft:furnace":1,"minecraft:iron_boots":4,"byg:zelkova_sapling":5,"minecraft:tipped_arrow":3,"minecraft:golden_helmet":1,"minecraft:stick":28,"minecraft:brown_terracotta":11,"minecraft:torch":123,"minecraft:porkchop":1,"vampirism:vampire_fang":14,"tombstone:grave_dust":19,"minecraft:diorite":3,"minecraft:golden_chestplate":2,"minecraft:chiseled_nether_bricks":2,"botania:white_mystical_flower":5,"minecraft:stone_sword":1,"minecraft:rotten_flesh":92,"occultism:copper_ore":23,"minecraft:blaze_rod":2,"minecraft:iron_bars":16,"minecraft:cobblestone":192,"occultism:datura_seeds":31,"minecraft:magma_block":3,"minecraft:leather_chestplate":2,"minecraft:cooked_beef":2,"minecraft:andesite":4,"occultism:silver_ore":16,"minecraft:golden_leggings":5,"minecraft:smoker":2,"minecraft:potato":25,"vampirism:stake":6,"minecraft:lapis_lazuli":14,"minecraft:dirt":252,"minecraft:lantern":5,"securitycraft:sentry":3,"vampirism:soul_orb_vampire":17,"minecraft:bone":30,"minecraft:chipped_anvil":1,"minecraft:stonecutter":1,"minecraft:bow":1,"minecraft:wheat_seeds":44,"minecraft:mossy_stone_bricks":1,"minecraft:diamond_helmet":1,"minecraft:oak_planks":1,"minecraft:cooked_porkchop":1,"minecraft:sand":50,"byg:mangrove_slab":50,"minecraft:dark_oak_log":62,"minecraft:mossy_cobblestone":27,"minecraft:soul_lantern":2,"minecraft:diamond":6,"iceandfire:lectern":2,"botania:orange_mushroom":1,"minecraft:granite":6,"minecraft:golden_apple":14,"minecraft:chainmail_helmet":2,"minecraft:bread":57,"minecraft:oak_sapling":6,"iceandfire:silver_nugget":10,"minecraft:diamond_pickaxe":2,"minecraft:cocoa_beans":1,"minecraft:crafting_table":2,"byg:soapstone":6,"iceandfire:witherbone":3,"minecraft:leather_leggings":1,"byg:mangrove_sapling":30,"usefulbackpacks:backpack_medium":1,"minecraft:chain":3,"minecraft:shield":1,"minecraft:cornflower":3,"byg:mangrove_stairs":16,"minecraft:iron_axe":2,"byg:mangrove_log":426,"minecraft:blue_orchid":4,"minecraft:cracked_stone_bricks":41,"vampirism:cursed_earth":1,"byg:zelkova_log":38,"curios:amulet":1,"minecraft:beef":10,"minecraft:iron_nugget":8,"minecraft:sugar_cane":2,"minecraft:chest":3,"occultism:dictionary_of_spirits":1,"minecraft:dark_oak_sapling":4,"minecraft:stone":4,"securitycraft:reinforced_cobblestone":22,"minecraft:bowl":3,"minecraft:spruce_fence":1,"botania:pink_mushroom":1,"minecraft:carrot":34,"minecraft:redstone":27,"minecraft:dark_oak_planks":28,"minecraft:arrow":43,"minecraft:diamond_chestplate":1,"botania:lime_mystical_flower":4,"tombstone:essence_of_undeath":2,"minecraft:mutton":17,"byg:rocky_stone":4,"minecraft:white_wool":13,"vampirism:vampire_blood_bottle":22,"minecraft:golden_carrot":13,"minecraft:red_mushroom":3,"minecraft:oak_log":34,"minecraft:chainmail_chestplate":2,"minecraft:yellow_bed":1,"minecraft:gunpowder":15,"minecraft:spawner":1,"chococraft:chocobo_feather":1,"byg:scoria_cobblestone":2,"vampirism:human_heart":1,"vampirism:church_altar":1,"minecraft:apple":28,"minecraft:stone_bricks":4,"byg:mangrove_planks":186,"minecraft:iron_ingot":1,"minecraft:cooked_chicken":4,"minecraft:iron_ore":131,"securitycraft:universal_block_reinforcer_lvl1":1,"minecraft:glass_bottle":7,"minecraft:iron_sword":3,"minecraft:book":12,"minecraft:sweet_berries":3,"minecraft:chiseled_stone_bricks":2,"minecraft:stone_brick_slab":1,"minecraft:dandelion":2,"securitycraft:portable_radar":1,"minecraft:blast_furnace":1,"securitycraft:reinforced_iron_block":6,"minecraft:spruce_log":7,"minecraft:gold_ore":17,"minecraft:spruce_door":1,"minecraft:spider_eye":12,"minecraft:leather_helmet":1,"travelersbackpack:standard":2,"minecraft:coal_ore":1,"minecraft:slime_ball":1,"minecraft:stone_axe":1,"minecraft:chainmail_leggings":2,"botania:orange_mystical_flower":1,"minecraft:iron_helmet":4,"minecraft:diamond_axe":1,"minecraft:mossy_cobblestone_stairs":1,"tombstone:magic_scroll":4,"minecraft:coal":123},"minecraft:used":{"byg:mangrove_fence":9,"minecraft:iron_shovel":236,"minecraft:oak_sign":1,"byg:mangrove_log":534,"minecraft:chest":15,"minecraft:shield":122,"minecraft:iron_sword":637,"minecraft:stone":3,"minecraft:rotten_flesh":9,"minecraft:carrot":32,"minecraft:lantern":5,"minecraft:bow":4,"minecraft:sweet_berries":3,"minecraft:furnace":4,"minecraft:potato":8,"byg:mangrove_slab":292,"vampirism:weapon_table":1,"minecraft:oak_planks":1,"minecraft:diamond_axe":267,"minecraft:golden_apple":14,"minecraft:blast_furnace":2,"vampirism:stake":39,"minecraft:dark_oak_log":99,"minecraft:bread":70,"securitycraft:mine":1,"minecraft:diamond_sword":16,"minecraft:dark_oak_fence":76,"minecraft:chain":7,"minecraft:cooked_chicken":4,"minecraft:torch":278,"minecraft:dirt":132,"minecraft:anvil":1,"minecraft:spruce_fence":1,"securitycraft:reinforced_dirt":10,"minecraft:chipped_anvil":1,"minecraft:iron_axe":106,"securitycraft:remote_access_sentry":4,"securitycraft:sentry":5,"minecraft:golden_carrot":18,"securitycraft:dirt_mine":2,"tombstone:gift":7,"minecraft:cooked_beef":4,"minecraft:cooked_mutton":7,"minecraft:water_bucket":43,"minecraft:baked_potato":4,"byg:mangrove_planks":976,"minecraft:stonecutter":1,"minecraft:chiseled_nether_bricks":2,"securitycraft:scanner_door_item":1,"minecraft:mossy_cobblestone":7,"minecraft:crafting_table":2,"minecraft:smoker":2,"minecraft:spruce_log":7,"tombstone:bag_of_seeds":2,"minecraft:oak_log":27,"minecraft:diamond_pickaxe":478,"minecraft:apple":29,"byg:zelkova_log":81,"byg:mangrove_stairs":62,"minecraft:iron_pickaxe":11,"minecraft:chiseled_stone_bricks":7,"minecraft:stone_axe":65,"minecraft:cobblestone":63,"minecraft:potion":8,"travelersbackpack:standard":2,"byg:scoria_cobblestone":2,"minecraft:cooked_porkchop":4,"minecraft:bucket":45,"minecraft:yellow_bed":1},"minecraft:broken":{"minecraft:golden_helmet":1,"minecraft:diamond_helmet":1,"minecraft:iron_boots":2,"minecraft:iron_chestplate":3,"minecraft:iron_leggings":1,"minecraft:chainmail_boots":2,"minecraft:golden_leggings":2,"minecraft:chainmail_chestplate":1,"minecraft:stone_axe":1,"minecraft:golden_chestplate":1,"minecraft:chainmail_leggings":1,"minecraft:diamond_leggings":1,"minecraft:iron_axe":1,"minecraft:iron_helmet":3},"minecraft:killed":{"vampirism:vampire":10,"minecraft:cave_spider":1,"vampirism:advanced_vampire":2,"minecraft:spider":18,"minecraft:skeleton":27,"vampirism:blinding_bat":1,"minecraft:piglin_brute":1,"vampirism:vampire_baron":1,"minecraft:creeper":12,"vampirism:hunter":1,"minecraft:sheep":13,"minecraft:zombie":63,"minecraft:stray":10,"minecraft:cow":1,"minecraft:blaze":6,"minecraft:slime":1,"vampirism:villager_converted":1,"minecraft:bat":1,"minecraft:wither_skeleton":7},"minecraft:custom":{"minecraft:interact_with_crafting_table":73,"minecraft:open_barrel":217,"minecraft:bell_ring":8,"minecraft:eat_cake_slice":2,"minecraft:leave_game":32,"minecraft:time_since_death":13684,"minecraft:sprint_one_cm":964234,"minecraft:drop":213,"minecraft:deaths":7,"minecraft:jump":5940,"minecraft:walk_on_water_one_cm":76088,"minecraft:interact_with_furnace":33,"minecraft:play_one_minute":492078,"minecraft:sleep_in_bed":14,"minecraft:open_enderchest":4,"minecraft:damage_dealt":38628,"minecraft:crouch_one_cm":42261,"tombstone:undead_killed":107,"tombstone:villager_killed":1,"minecraft:interact_with_smoker":10,"minecraft:horse_one_cm":318,"minecraft:interact_with_anvil":14,"minecraft:mob_kills":176,"minecraft:damage_dealt_resisted":40728,"minecraft:climb_one_cm":43116,"minecraft:walk_one_cm":1631517,"vampirism:capture_village":1,"minecraft:damage_dealt_absorbed":6,"minecraft:sneak_time":13463,"minecraft:walk_under_water_one_cm":44882,"minecraft:interact_with_blast_furnace":10,"vampirism:win_village_capture":2,"minecraft:interact_with_stonecutter":3,"minecraft:time_since_rest":10582,"minecraft:damage_taken":2147483647,"minecraft:damage_absorbed":500,"tombstone:cast_on_ally":2,"minecraft:swim_one_cm":35616,"minecraft:fly_one_cm":1155198,"minecraft:open_chest":239,"vampirism:defend_village":1,"minecraft:fall_one_cm":98545},"minecraft:killed_by":{"minecraft:piglin_brute":1,"minecraft:zombie":1},"minecraft:dropped":{"minecraft:gold_ore":3,"occultism:datura_seeds":19,"minecraft:iron_sword":5,"botania:orange_mushroom":1,"minecraft:glass_bottle":13,"minecraft:crafting_table":1,"minecraft:dark_oak_sapling":4,"minecraft:cracked_stone_bricks":41,"minecraft:red_mushroom":3,"byg:mangrove_sapling":17,"minecraft:dirt":31,"minecraft:mutton":6,"minecraft:dark_oak_planks":4,"minecraft:white_wool":4,"minecraft:bone":13,"minecraft:sugar_cane":2,"minecraft:iron_nugget":16,"minecraft:wheat":1,"minecraft:rotten_flesh":50,"minecraft:glowstone_dust":6,"minecraft:leather_chestplate":2,"minecraft:gunpowder":6,"vampirism:vampire_fang":3,"occultism:dictionary_of_spirits":1,"minecraft:leather_leggings":1,"minecraft:iron_bars":10,"minecraft:arrow":16,"minecraft:beef":6,"minecraft:stone_brick_stairs":1,"minecraft:enchanted_book":1,"minecraft:wheat_seeds":11,"minecraft:mossy_cobblestone":11,"botania:orange_mystical_flower":1,"minecraft:cobblestone":5,"minecraft:granite":6,"minecraft:coal":3,"minecraft:stick":5,"minecraft:iron_block":1,"minecraft:diorite":2,"byg:mangrove_slab":36,"tombstone:grave_key":1,"byg:soapstone":6,"byg:mangrove_planks":195,"vampirism:cursed_earth":1,"tombstone:grave_dust":11,"minecraft:potion":1,"minecraft:brown_terracotta":11,"minecraft:iron_leggings":3,"minecraft:iron_axe":1,"minecraft:string":17,"minecraft:dandelion":2,"minecraft:anvil":1,"minecraft:stone_sword":1,"minecraft:cocoa_beans":2,"minecraft:bowl":3,"minecraft:iron_boots":1,"byg:mangrove_door":3,"minecraft:spruce_planks":9,"minecraft:iron_chestplate":2,"minecraft:andesite":2,"minecraft:mossy_stone_bricks":1,"minecraft:oak_sapling":6,"iceandfire:lectern":1,"minecraft:spider_eye":4,"minecraft:spruce_log":3,"securitycraft:universal_block_reinforcer_lvl1":1,"botania:lime_mystical_flower":2}},"DataVersion":2586}