{"stats":{"minecraft:killed":{"minecraft:spider":2,"minecraft:skeleton":1,"minecraft:zombie":10,"minecraft:stray":9,"minecraft:wither_skeleton":7,"minecraft:piglin_brute":1,"minecraft:cow":1},"minecraft:dropped":{"minecraft:gold_ore":3,"minecraft:wheat_seeds":2,"minecraft:iron_nugget":8,"minecraft:glass_bottle":4,"botania:orange_mystical_flower":1,"minecraft:cobblestone":1,"minecraft:rotten_flesh":11,"minecraft:cracked_stone_bricks":1,"minecraft:coal":3,"minecraft:spruce_planks":7,"tombstone:grave_key":1,"minecraft:brown_terracotta":11,"minecraft:potion":1,"minecraft:spruce_log":3,"minecraft:stone_brick_stairs":1,"minecraft:dark_oak_planks":4,"minecraft:string":2,"minecraft:bone":1},"minecraft:used":{"minecraft:oak_sign":1,"minecraft:shield":29,"minecraft:iron_sword":24,"minecraft:torch":28,"minecraft:golden_apple":6,"minecraft:crafting_table":1,"minecraft:spruce_log":7,"minecraft:diamond_pickaxe":15,"minecraft:iron_axe":86,"minecraft:bread":29,"minecraft:iron_pickaxe":11,"minecraft:potion":2,"minecraft:bow":4,"minecraft:diamond_sword":16,"minecraft:cobblestone":1,"travelersbackpack:standard":2,"minecraft:sweet_berries":3,"tombstone:gift":2},"minecraft:killed_by":{"minecraft:piglin_brute":1,"minecraft:zombie":1},"minecraft:mined":{"botania:orange_mystical_flower":1,"iceandfire:copper_pile":2,"minecraft:oak_fence":1,"iceandfire:lectern":1,"minecraft:mushroom_stem":3,"minecraft:cobblestone":8,"minecraft:spruce_leaves":5,"minecraft:wall_torch":2,"minecraft:spawner":3,"minecraft:large_fern":1,"minecraft:hay_block":2,"minecraft:sweet_berry_bush":1,"minecraft:spruce_log":11,"minecraft:stripped_spruce_log":1,"minecraft:bookshelf":4,"iceandfire:gold_pile":3,"iceandfire:silver_pile":3,"minecraft:oak_sign":1,"minecraft:vine":4,"minecraft:iron_bars":4},"minecraft:broken":{"minecraft:chainmail_leggings":1,"minecraft:diamond_helmet":1,"minecraft:iron_chestplate":1,"minecraft:iron_leggings":1,"minecraft:golden_chestplate":1,"minecraft:chainmail_boots":1,"minecraft:golden_leggings":1},"minecraft:picked_up":{"minecraft:iron_chestplate":3,"minecraft:magma_block":3,"minecraft:chainmail_boots":1,"iceandfire:witherbone":2,"minecraft:golden_leggings":2,"minecraft:diamond_sword":1,"minecraft:potion":1,"tombstone:grave_key":1,"minecraft:shield":1,"minecraft:gunpowder":1,"minecraft:string":2,"minecraft:iron_axe":1,"minecraft:iron_leggings":2,"minecraft:bone":5,"minecraft:oak_sign":1,"minecraft:cracked_stone_bricks":1,"minecraft:bow":1,"minecraft:wheat_seeds":2,"minecraft:spruce_planks":8,"minecraft:beef":10,"minecraft:iron_nugget":8,"minecraft:glass_bottle":2,"minecraft:iron_pickaxe":1,"minecraft:diamond_helmet":1,"minecraft:iron_boots":2,"minecraft:book":12,"minecraft:tipped_arrow":2,"minecraft:sweet_berries":3,"minecraft:brown_terracotta":11,"minecraft:torch":30,"minecraft:porkchop":1,"botania:pink_mushroom":1,"tombstone:grave_dust":7,"minecraft:spruce_log":7,"minecraft:gold_ore":3,"minecraft:spider_eye":1,"minecraft:golden_chestplate":1,"minecraft:dark_oak_planks":4,"travelersbackpack:standard":2,"minecraft:arrow":8,"minecraft:rotten_flesh":13,"minecraft:diamond":5,"iceandfire:lectern":1,"minecraft:chainmail_leggings":2,"botania:orange_mystical_flower":1,"minecraft:iron_helmet":2,"minecraft:golden_apple":6,"minecraft:mossy_cobblestone_stairs":1,"minecraft:bread":23,"minecraft:chainmail_helmet":1,"iceandfire:silver_nugget":10,"minecraft:mutton":4,"minecraft:iron_bars":4,"minecraft:coal":3,"minecraft:cobblestone":4,"minecraft:diamond_pickaxe":2},"minecraft:crafted":{"minecraft:crafting_table":1,"minecraft:spruce_planks":16,"minecraft:wooden_pickaxe":1,"minecraft:stick":4},"minecraft:custom":{"minecraft:mob_kills":34,"minecraft:interact_with_crafting_table":3,"minecraft:open_barrel":13,"minecraft:play_one_minute":74729,"minecraft:bell_ring":1,"minecraft:leave_game":4,"minecraft:time_since_death":5589,"minecraft:sleep_in_bed":2,"minecraft:climb_one_cm":10208,"minecraft:time_since_rest":5421,"minecraft:sprint_one_cm":251029,"minecraft:damage_absorbed":160,"minecraft:damage_taken":3361,"minecraft:walk_one_cm":247770,"minecraft:drop":26,"minecraft:damage_dealt":7033,"minecraft:damage_dealt_absorbed":6,"minecraft:fly_one_cm":256089,"minecraft:open_chest":49,"minecraft:crouch_one_cm":2704,"minecraft:sneak_time":1164,"tombstone:undead_killed":27,"minecraft:deaths":5,"minecraft:walk_under_water_one_cm":167,"minecraft:jump":1246,"minecraft:walk_on_water_one_cm":7988,"minecraft:fall_one_cm":21463,"minecraft:horse_one_cm":318}},"DataVersion":2586}