{"stats":{"minecraft:crafted":{"minecraft:crafting_table":5,"minecraft:wooden_pickaxe":1,"minecraft:iron_sword":1,"minecraft:birch_planks":60,"eternal_tales:salt_beef":2,"minecraft:air":0,"eternal_tales:petrified_planks":44,"minecraft:stick":16,"minecraft:iron_ingot":7,"minecraft:iron_pickaxe":1,"minecraft:stone_pickaxe":2,"minecraft:wooden_axe":1,"minecraft:chest":1,"minecraft:white_bed":1,"minecraft:cooked_beef":6},"minecraft:custom":{"minecraft:interact_with_furnace":9,"minecraft:mob_kills":18,"minecraft:interact_with_crafting_table":13,"minecraft:open_barrel":3,"minecraft:leave_game":4,"minecraft:time_since_death":52241,"minecraft:sleep_in_bed":1,"minecraft:time_since_rest":31700,"minecraft:sprint_one_cm":32198,"minecraft:damage_taken":305,"minecraft:walk_one_cm":149378,"minecraft:drop":16,"minecraft:damage_dealt":2708,"minecraft:swim_one_cm":5682,"minecraft:fly_one_cm":26875,"minecraft:player_kills":1,"minecraft:open_chest":7,"minecraft:crouch_one_cm":7529,"minecraft:play_time":52241,"minecraft:sneak_time":2358,"minecraft:walk_under_water_one_cm":1163,"minecraft:jump":288,"minecraft:walk_on_water_one_cm":1679,"minecraft:total_world_time":52241,"minecraft:fall_one_cm":4527},"minecraft:used":{"minecraft:birch_planks":5,"eternal_tales:latit":2,"minecraft:stone_pickaxe":227,"minecraft:chest":1,"minecraft:wooden_pickaxe":7,"minecraft:iron_sword":26,"minecraft:stone_hoe":7,"minecraft:sugar_cane":5,"minecraft:cookie":2,"minecraft:torch":7,"minecraft:dirt":15,"minecraft:crafting_table":5,"minecraft:white_bed":1,"eternal_tales:brown_mushrooms_et":1,"eternal_tales:salt_beef":1,"minecraft:wooden_axe":34,"minecraft:iron_pickaxe":72,"eternal_tales:starter_kit":12,"minecraft:cobblestone":34,"minecraft:furnace":1,"minecraft:cooked_beef":2,"minecraft:potato":14,"minecraft:cobbled_deepslate":9},"minecraft:dropped":{"minecraft:stone_hoe":1,"minecraft:iron_ingot":4,"minecraft:chicken":1,"eternal_tales:starter_kit":1,"minecraft:light_gray_wool":1,"eternal_tales:salt_beef":1,"minecraft:stick":4,"eternal_tales:brown_rose":1,"minecraft:oak_sapling":1,"minecraft:white_wool":1},"minecraft:broken":{"minecraft:stone_pickaxe":1,"minecraft:wooden_axe":1},"minecraft:picked_up":{"minecraft:charcoal":2,"minecraft:birch_log":15,"eternal_tales:karst_stone":9,"minecraft:feather":2,"minecraft:lilac":15,"minecraft:chicken":1,"minecraft:leather":3,"minecraft:potato":32,"minecraft:tuff":1,"minecraft:string":2,"minecraft:lapis_lazuli":30,"minecraft:dirt":16,"minecraft:raw_copper":12,"minecraft:wheat_seeds":5,"minecraft:cobbled_deepslate":74,"minecraft:iron_ingot":2,"minecraft:beef":14,"eternal_tales:brown_rose":1,"eternal_tales:limestone_rock":3,"minecraft:light_gray_wool":1,"minecraft:sugar_cane":8,"eternal_tales:salt":32,"minecraft:stone_hoe":2,"eternal_tales:starter_kit":2,"minecraft:furnace":2,"minecraft:egg":2,"minecraft:raw_iron":7,"eternal_tales:infected_shrimp_food":1,"eternal_tales:latit":7,"minecraft:torch":8,"eternal_tales:petrified_log":11,"eternal_tales:raw_quinine":25,"minecraft:porkchop":2,"minecraft:diorite":14,"minecraft:spider_eye":1,"minecraft:redstone":19,"eternal_tales:bronze_coin":5,"minecraft:arrow":2,"minecraft:granite":16,"minecraft:oak_sapling":1,"eternal_tales:brown_mushrooms_et":1,"minecraft:mutton":9,"eternal_tales:raw_chlorine":10,"eternal_tales:heart_et":2,"minecraft:white_wool":4,"minecraft:cobblestone":151},"minecraft:mined":{"minecraft:deepslate_redstone_ore":4,"eternal_tales:salt_block":5,"minecraft:tuff":1,"eternal_tales:petrified_log":8,"minecraft:crafting_table":1,"minecraft:torch":4,"minecraft:granite":15,"eternal_tales:karst_stone":9,"minecraft:grass_block":7,"minecraft:cobblestone":1,"eternal_tales:deepslate_quinine_ore":26,"minecraft:copper_ore":3,"minecraft:sugar_cane":5,"minecraft:diorite":13,"minecraft:wall_torch":4,"minecraft:furnace":2,"minecraft:birch_log":15,"minecraft:birch_leaves":1,"minecraft:deepslate_lapis_ore":5,"minecraft:grass":5,"minecraft:deepslate_iron_ore":6,"eternal_tales:brown_mushrooms_et":1,"eternal_tales:brown_rose":1,"minecraft:dirt":4,"eternal_tales:chlorine_ore":2,"eternal_tales:limestone":1,"minecraft:stone":142,"minecraft:deepslate":63,"minecraft:oak_leaves":8},"minecraft:killed":{"minecraft:pig":2,"minecraft:spider":2,"minecraft:sheep":5,"minecraft:skeleton":1,"minecraft:chicken":1,"eternal_tales:infected_shrimp":2,"eternal_tales:infected_zombie":1,"minecraft:cow":4}},"DataVersion":3465}