{"stats":{"minecraft:crafted":{"minecraft:crafting_table":4,"minecraft:wooden_pickaxe":1,"minecraft:birch_planks":60,"minecraft:air":0,"minecraft:stick":16,"minecraft:iron_ingot":7,"minecraft:iron_pickaxe":1,"minecraft:stone_pickaxe":2,"minecraft:wooden_axe":1,"minecraft:white_bed":1},"minecraft:custom":{"minecraft:interact_with_furnace":6,"minecraft:mob_kills":13,"minecraft:interact_with_crafting_table":11,"minecraft:open_barrel":3,"minecraft:leave_game":3,"minecraft:time_since_death":37595,"minecraft:sleep_in_bed":1,"minecraft:time_since_rest":17054,"minecraft:sprint_one_cm":28447,"minecraft:damage_taken":120,"minecraft:walk_one_cm":102973,"minecraft:drop":12,"minecraft:damage_dealt":1328,"minecraft:swim_one_cm":5682,"minecraft:fly_one_cm":24533,"minecraft:player_kills":1,"minecraft:open_chest":4,"minecraft:crouch_one_cm":2403,"minecraft:play_time":37595,"minecraft:sneak_time":488,"minecraft:walk_under_water_one_cm":1163,"minecraft:jump":203,"minecraft:walk_on_water_one_cm":1679,"minecraft:total_world_time":37595,"minecraft:fall_one_cm":3362},"minecraft:used":{"minecraft:birch_planks":5,"eternal_tales:latit":2,"minecraft:stone_pickaxe":204,"minecraft:wooden_pickaxe":7,"minecraft:stone_hoe":7,"minecraft:sugar_cane":5,"minecraft:cookie":2,"minecraft:torch":2,"minecraft:dirt":15,"minecraft:crafting_table":4,"minecraft:white_bed":1,"eternal_tales:brown_mushrooms_et":1,"minecraft:wooden_axe":34,"minecraft:iron_pickaxe":19,"eternal_tales:starter_kit":1,"minecraft:potato":14},"minecraft:dropped":{"minecraft:stone_hoe":1,"minecraft:iron_ingot":4,"minecraft:light_gray_wool":1,"minecraft:stick":4,"eternal_tales:brown_rose":1,"minecraft:white_wool":1},"minecraft:broken":{"minecraft:stone_pickaxe":1,"minecraft:wooden_axe":1},"minecraft:picked_up":{"minecraft:charcoal":2,"minecraft:birch_log":15,"eternal_tales:karst_stone":9,"minecraft:feather":2,"minecraft:lilac":15,"minecraft:chicken":1,"minecraft:leather":3,"minecraft:potato":32,"minecraft:dirt":16,"minecraft:raw_copper":12,"minecraft:wheat_seeds":5,"minecraft:cobbled_deepslate":29,"minecraft:iron_ingot":2,"minecraft:beef":10,"eternal_tales:brown_rose":1,"eternal_tales:limestone_rock":3,"minecraft:light_gray_wool":1,"minecraft:sugar_cane":8,"eternal_tales:salt":32,"minecraft:stone_hoe":2,"eternal_tales:starter_kit":1,"minecraft:furnace":1,"minecraft:egg":2,"minecraft:raw_iron":1,"eternal_tales:latit":7,"minecraft:torch":3,"eternal_tales:petrified_log":11,"eternal_tales:raw_quinine":9,"minecraft:porkchop":2,"minecraft:diorite":14,"minecraft:arrow":2,"minecraft:granite":15,"minecraft:oak_sapling":1,"eternal_tales:brown_mushrooms_et":1,"minecraft:mutton":9,"eternal_tales:raw_chlorine":10,"eternal_tales:heart_et":2,"minecraft:white_wool":4,"minecraft:cobblestone":150},"minecraft:mined":{"eternal_tales:salt_block":5,"eternal_tales:petrified_log":8,"minecraft:crafting_table":1,"minecraft:torch":2,"minecraft:granite":14,"eternal_tales:karst_stone":9,"minecraft:grass_block":7,"eternal_tales:deepslate_quinine_ore":15,"minecraft:copper_ore":3,"minecraft:sugar_cane":5,"minecraft:diorite":13,"minecraft:wall_torch":1,"minecraft:furnace":1,"minecraft:birch_log":15,"minecraft:birch_leaves":1,"minecraft:grass":5,"eternal_tales:brown_mushrooms_et":1,"eternal_tales:brown_rose":1,"minecraft:dirt":4,"eternal_tales:chlorine_ore":2,"eternal_tales:limestone":1,"minecraft:stone":142,"minecraft:deepslate":22,"minecraft:oak_leaves":8},"minecraft:killed":{"minecraft:pig":2,"minecraft:sheep":5,"minecraft:skeleton":1,"minecraft:chicken":1,"minecraft:cow":4}},"DataVersion":3465}