{"stats":{"minecraft:crafted":{"minecraft:crafting_table":3,"minecraft:stick":8,"minecraft:stone_pickaxe":1,"minecraft:wooden_pickaxe":1,"minecraft:wooden_axe":1,"minecraft:white_bed":1,"minecraft:birch_planks":60},"minecraft:custom":{"minecraft:time_since_rest":5054,"minecraft:sprint_one_cm":28447,"minecraft:damage_taken":120,"minecraft:walk_one_cm":89189,"minecraft:mob_kills":13,"minecraft:drop":3,"minecraft:damage_dealt":1328,"minecraft:swim_one_cm":5682,"minecraft:interact_with_crafting_table":5,"minecraft:player_kills":1,"minecraft:fly_one_cm":24533,"minecraft:open_barrel":3,"minecraft:open_chest":4,"minecraft:crouch_one_cm":2403,"minecraft:play_time":25595,"minecraft:sneak_time":485,"minecraft:walk_under_water_one_cm":1163,"minecraft:jump":191,"minecraft:leave_game":3,"minecraft:walk_on_water_one_cm":1679,"minecraft:time_since_death":25595,"minecraft:sleep_in_bed":1,"minecraft:total_world_time":25595,"minecraft:fall_one_cm":3362},"minecraft:used":{"minecraft:wooden_axe":34,"minecraft:birch_planks":5,"minecraft:stone_pickaxe":65,"eternal_tales:starter_kit":1,"minecraft:wooden_pickaxe":7,"minecraft:sugar_cane":5,"minecraft:cookie":2,"minecraft:dirt":10,"minecraft:crafting_table":3,"minecraft:white_bed":1,"minecraft:potato":14,"eternal_tales:brown_mushrooms_et":1},"minecraft:dropped":{"minecraft:stone_hoe":1,"minecraft:light_gray_wool":1,"minecraft:white_wool":1},"minecraft:broken":{"minecraft:wooden_axe":1},"minecraft:picked_up":{"minecraft:birch_log":15,"minecraft:feather":2,"minecraft:lilac":15,"minecraft:chicken":1,"minecraft:leather":3,"minecraft:torch":1,"minecraft:potato":32,"minecraft:porkchop":2,"minecraft:dirt":16,"minecraft:arrow":2,"minecraft:wheat_seeds":5,"eternal_tales:brown_rose":1,"minecraft:beef":10,"minecraft:stone_hoe":2,"minecraft:light_gray_wool":1,"minecraft:oak_sapling":1,"minecraft:sugar_cane":8,"eternal_tales:brown_mushrooms_et":1,"minecraft:mutton":9,"minecraft:white_wool":4,"minecraft:cobblestone":66,"eternal_tales:starter_kit":1,"eternal_tales:heart_et":2,"minecraft:egg":2},"minecraft:mined":{"minecraft:birch_log":15,"minecraft:birch_leaves":1,"minecraft:torch":1,"minecraft:grass":5,"minecraft:grass_block":7,"eternal_tales:brown_mushrooms_et":1,"eternal_tales:brown_rose":1,"minecraft:dirt":4,"minecraft:stone":72,"minecraft:sugar_cane":5,"minecraft:oak_leaves":8},"minecraft:killed":{"minecraft:sheep":5,"minecraft:skeleton":1,"minecraft:pig":2,"minecraft:chicken":1,"minecraft:cow":4}},"DataVersion":3465}