{"stats":{"minecraft:custom":{"minecraft:interact_with_furnace":12,"minecraft:mob_kills":18,"minecraft:interact_with_crafting_table":15,"minecraft:open_barrel":3,"minecraft:leave_game":4,"minecraft:time_since_death":58260,"minecraft:sleep_in_bed":1,"minecraft:time_since_rest":37719,"minecraft:sprint_one_cm":32198,"minecraft:damage_taken":385,"minecraft:walk_one_cm":160657,"minecraft:drop":26,"minecraft:damage_dealt":2748,"minecraft:player_kills":1,"minecraft:swim_one_cm":5682,"minecraft:fly_one_cm":26949,"minecraft:open_chest":7,"minecraft:crouch_one_cm":7541,"minecraft:play_time":58260,"minecraft:sneak_time":2517,"minecraft:walk_under_water_one_cm":1163,"minecraft:jump":295,"minecraft:walk_on_water_one_cm":1679,"minecraft:total_world_time":58260,"minecraft:fall_one_cm":4796},"minecraft:crafted":{"minecraft:cooked_beef":6,"minecraft:crafting_table":6,"minecraft:wooden_pickaxe":1,"minecraft:iron_sword":1,"minecraft:birch_planks":60,"eternal_tales:salt_beef":2,"minecraft:cooked_mutton":2,"minecraft:air":0,"minecraft:diamond_pickaxe":1,"eternal_tales:petrified_planks":44,"minecraft:stick":20,"minecraft:iron_ingot":7,"minecraft:iron_pickaxe":1,"minecraft:stone_pickaxe":2,"minecraft:wooden_axe":1,"minecraft:chest":1,"minecraft:white_bed":1},"minecraft:used":{"minecraft:birch_planks":5,"eternal_tales:latit":2,"minecraft:stone_pickaxe":227,"minecraft:chest":1,"minecraft:wooden_pickaxe":7,"minecraft:iron_sword":26,"minecraft:sugar_cane":5,"minecraft:stone_hoe":7,"minecraft:cookie":2,"minecraft:torch":7,"minecraft:dirt":15,"minecraft:crafting_table":6,"minecraft:white_bed":1,"eternal_tales:brown_mushrooms_et":1,"eternal_tales:salt_beef":1,"minecraft:wooden_axe":34,"minecraft:diamond_pickaxe":31,"minecraft:iron_pickaxe":148,"eternal_tales:starter_kit":12,"minecraft:cobblestone":34,"minecraft:furnace":2,"minecraft:cooked_beef":2,"minecraft:cobbled_deepslate":9,"minecraft:potato":14},"minecraft:dropped":{"minecraft:stone_hoe":1,"minecraft:iron_ingot":4,"minecraft:cooked_beef":1,"minecraft:cobbled_deepslate":36,"minecraft:chicken":1,"eternal_tales:starter_kit":1,"minecraft:light_gray_wool":1,"minecraft:granite":1,"eternal_tales:salt_beef":1,"minecraft:stick":4,"eternal_tales:brown_rose":1,"eternal_tales:raw_chlorine":1,"eternal_tales:salt":3,"minecraft:oak_sapling":1,"minecraft:spider_eye":2,"minecraft:iron_pickaxe":1,"minecraft:white_wool":1},"minecraft:broken":{"minecraft:stone_pickaxe":1,"minecraft:wooden_axe":1},"minecraft:picked_up":{"minecraft:birch_log":15,"minecraft:charcoal":2,"minecraft:feather":2,"minecraft:lilac":15,"minecraft:chicken":1,"minecraft:leather":3,"minecraft:potato":32,"minecraft:tuff":31,"minecraft:lapis_lazuli":30,"minecraft:dirt":16,"minecraft:string":2,"minecraft:raw_copper":12,"minecraft:wheat_seeds":5,"minecraft:cobbled_deepslate":117,"minecraft:iron_ingot":2,"eternal_tales:brown_rose":1,"minecraft:beef":14,"eternal_tales:limestone_rock":3,"minecraft:light_gray_wool":1,"minecraft:sugar_cane":8,"eternal_tales:salt":32,"minecraft:stone_hoe":2,"eternal_tales:starter_kit":2,"minecraft:egg":2,"minecraft:furnace":2,"minecraft:raw_iron":7,"eternal_tales:infected_shrimp_food":1,"minecraft:torch":8,"eternal_tales:latit":7,"eternal_tales:petrified_log":11,"minecraft:gravel":3,"eternal_tales:raw_quinine":25,"minecraft:porkchop":2,"minecraft:diorite":14,"minecraft:redstone":19,"minecraft:spider_eye":2,"eternal_tales:bronze_coin":5,"minecraft:arrow":2,"minecraft:diamond":4,"minecraft:granite":17,"minecraft:oak_sapling":1,"eternal_tales:brown_mushrooms_et":1,"minecraft:mutton":9,"eternal_tales:raw_chlorine":10,"minecraft:white_wool":4,"minecraft:cobblestone":151,"eternal_tales:heart_et":2,"eternal_tales:karst_stone":9},"minecraft:mined":{"eternal_tales:salt_block":5,"minecraft:deepslate_redstone_ore":4,"minecraft:tuff":34,"minecraft:deepslate_diamond_ore":1,"eternal_tales:petrified_log":8,"minecraft:crafting_table":1,"minecraft:torch":4,"minecraft:granite":15,"eternal_tales:karst_stone":9,"minecraft:grass_block":7,"minecraft:copper_ore":3,"minecraft:cobblestone":1,"eternal_tales:deepslate_quinine_ore":26,"minecraft:sugar_cane":5,"minecraft:diorite":13,"minecraft:wall_torch":4,"minecraft:furnace":2,"minecraft:birch_log":15,"minecraft:birch_leaves":1,"minecraft:deepslate_lapis_ore":5,"minecraft:grass":5,"minecraft:deepslate_iron_ore":6,"eternal_tales:brown_mushrooms_et":1,"eternal_tales:brown_rose":1,"minecraft:gravel":4,"minecraft:dirt":4,"eternal_tales:chlorine_ore":2,"eternal_tales:limestone":1,"minecraft:stone":142,"minecraft:oak_leaves":8,"minecraft:deepslate":130},"minecraft:killed":{"minecraft:pig":2,"minecraft:spider":2,"minecraft:sheep":5,"minecraft:skeleton":1,"minecraft:chicken":1,"eternal_tales:infected_shrimp":2,"eternal_tales:infected_zombie":1,"minecraft:cow":4}},"DataVersion":3465}