{"stats":{"minecraft:custom":{"minecraft:mob_kills":7,"minecraft:interact_with_crafting_table":4,"minecraft:open_barrel":9,"minecraft:play_one_minute":81858,"minecraft:eat_cake_slice":6,"minecraft:leave_game":11,"minecraft:time_since_death":4915,"minecraft:sleep_in_bed":5,"minecraft:climb_one_cm":3408,"minecraft:time_since_rest":3965,"minecraft:sprint_one_cm":295447,"minecraft:damage_taken":2147483647,"minecraft:walk_one_cm":149254,"minecraft:trigger_trapped_chest":1,"minecraft:damage_dealt":1142,"minecraft:swim_one_cm":12826,"minecraft:talked_to_villager":1,"minecraft:fly_one_cm":405281,"minecraft:open_chest":15,"minecraft:crouch_one_cm":33,"tombstone:undead_killed":3,"minecraft:deaths":6,"minecraft:sneak_time":77,"minecraft:walk_under_water_one_cm":1569,"minecraft:interact_with_brewingstand":1,"minecraft:jump":1512,"minecraft:walk_on_water_one_cm":11774,"minecraft:fall_one_cm":30441},"minecraft:crafted":{"minecraft:oak_planks":168,"minecraft:crafting_table":3,"minecraft:wooden_pickaxe":2,"minecraft:stick":24,"minecraft:wooden_axe":3,"minecraft:white_bed":1},"minecraft:broken":{"minecraft:leather_leggings":1,"minecraft:wooden_axe":2,"minecraft:leather_chestplate":1},"minecraft:killed":{"minecraft:spider":1,"minecraft:sheep":2,"minecraft:zombie":2,"iceandfire:ghost":1,"minecraft:cow":1},"minecraft:mined":{"minecraft:dandelion":2,"minecraft:crafting_table":1,"minecraft:grass_block":3,"minecraft:tall_grass":11,"minecraft:spruce_leaves":4,"minecraft:cyan_bed":1,"minecraft:sugar_cane":6,"minecraft:large_fern":1,"minecraft:hay_block":9,"minecraft:carrots":17,"minecraft:birch_log":5,"minecraft:wheat":26,"minecraft:grass":43,"minecraft:bookshelf":14,"minecraft:potatoes":3,"minecraft:oak_log":112,"minecraft:beetroots":3,"minecraft:vine":1},"minecraft:picked_up":{"minecraft:birch_log":5,"occultism:datura_seeds":8,"minecraft:wheat":2,"minecraft:leather":2,"minecraft:potato":6,"minecraft:oak_log":112,"minecraft:dirt":3,"minecraft:cooked_mutton":3,"minecraft:apple":4,"minecraft:beetroot":1,"minecraft:wheat_seeds":34,"minecraft:beef":3,"minecraft:sugar_cane":17,"minecraft:birch_sapling":4,"minecraft:book":42,"minecraft:stick":32,"minecraft:dandelion":2,"minecraft:carrot":25,"minecraft:cyan_bed":1,"minecraft:rotten_flesh":2,"minecraft:arrow":2,"minecraft:beetroot_seeds":6,"minecraft:hay_block":9,"minecraft:oak_sapling":44,"minecraft:mutton":4,"minecraft:white_wool":3},"minecraft:used":{"minecraft:cooked_mutton":3,"minecraft:iron_sword":120,"minecraft:dirt":3,"minecraft:crafting_table":3,"minecraft:oak_log":104,"minecraft:wooden_axe":29,"minecraft:apple":1,"minecraft:cyan_bed":1,"minecraft:bread":4,"minecraft:birch_log":5,"tombstone:gift":2,"minecraft:dandelion":2},"minecraft:killed_by":{"iceandfire:gorgon":1,"iceandfire:ghost":2}},"DataVersion":2586}