{"stats":{"minecraft:custom":{"minecraft:interact_with_furnace":7,"minecraft:mob_kills":7,"minecraft:interact_with_crafting_table":21,"minecraft:open_barrel":12,"minecraft:play_one_minute":138704,"minecraft:eat_cake_slice":6,"minecraft:leave_game":13,"minecraft:time_since_death":61761,"minecraft:sleep_in_bed":9,"minecraft:climb_one_cm":4195,"minecraft:time_since_rest":12383,"minecraft:sprint_one_cm":354430,"minecraft:damage_taken":2147483647,"minecraft:walk_one_cm":303690,"minecraft:trigger_trapped_chest":1,"minecraft:drop":4,"minecraft:damage_dealt":1142,"minecraft:swim_one_cm":14290,"minecraft:talked_to_villager":1,"minecraft:fly_one_cm":473524,"minecraft:open_chest":23,"minecraft:crouch_one_cm":1361,"minecraft:sneak_time":547,"tombstone:undead_killed":3,"minecraft:deaths":6,"minecraft:walk_under_water_one_cm":2191,"minecraft:interact_with_brewingstand":1,"minecraft:jump":1969,"minecraft:walk_on_water_one_cm":12597,"minecraft:interact_with_smoker":1,"minecraft:fall_one_cm":42232},"minecraft:crafted":{"minecraft:oak_door":3,"minecraft:smooth_stone":14,"minecraft:oak_planks":564,"minecraft:stone_shovel":4,"minecraft:smooth_stone_slab":24,"minecraft:crafting_table":4,"minecraft:wooden_pickaxe":2,"minecraft:baked_potato":19,"minecraft:furnace":1,"minecraft:stone":17,"minecraft:cobblestone_stairs":12,"minecraft:stone_axe":2,"minecraft:air":0,"minecraft:stick":32,"minecraft:wooden_axe":3,"minecraft:stone_pickaxe":1,"minecraft:oak_stairs":120,"minecraft:chest":1,"minecraft:white_bed":1,"minecraft:torch":16,"minecraft:wheat":81},"minecraft:broken":{"minecraft:leather_leggings":1,"minecraft:wooden_axe":2,"minecraft:stone_shovel":3,"minecraft:leather_chestplate":1},"minecraft:killed":{"minecraft:spider":1,"minecraft:sheep":2,"minecraft:zombie":2,"iceandfire:ghost":1,"minecraft:cow":1},"minecraft:mined":{"minecraft:white_bed":3,"minecraft:cobblestone_stairs":4,"minecraft:dandelion":2,"minecraft:crafting_table":2,"minecraft:granite":2,"minecraft:grass_block":293,"minecraft:tall_grass":13,"minecraft:spruce_leaves":4,"minecraft:cyan_bed":1,"minecraft:sugar_cane":8,"minecraft:oak_planks":52,"minecraft:large_fern":1,"minecraft:hay_block":9,"minecraft:carrots":17,"minecraft:birch_log":5,"minecraft:wheat":26,"minecraft:smooth_stone_slab":9,"minecraft:grass_path":4,"minecraft:coal_ore":28,"minecraft:grass":54,"minecraft:bookshelf":14,"minecraft:potatoes":3,"minecraft:oak_log":214,"minecraft:beetroots":3,"minecraft:vine":1,"minecraft:oak_stairs":8,"minecraft:dirt":179,"minecraft:stone":63},"minecraft:dropped":{"minecraft:wheat_seeds":34,"minecraft:birch_sapling":2,"minecraft:beetroot_seeds":6,"minecraft:oak_sapling":44},"minecraft:picked_up":{"minecraft:birch_log":5,"occultism:datura_seeds":18,"minecraft:crafting_table":1,"minecraft:wheat":2,"minecraft:leather":2,"minecraft:oak_stairs":8,"minecraft:potato":6,"minecraft:oak_log":208,"minecraft:cobblestone_stairs":4,"minecraft:dirt":440,"minecraft:smooth_stone_slab":9,"minecraft:cooked_mutton":3,"minecraft:apple":5,"minecraft:beetroot":1,"minecraft:wheat_seeds":108,"minecraft:beef":3,"minecraft:sugar_cane":23,"minecraft:birch_sapling":6,"minecraft:oak_planks":52,"minecraft:book":42,"minecraft:stick":39,"minecraft:dandelion":2,"minecraft:white_bed":3,"minecraft:carrot":25,"minecraft:cyan_bed":1,"minecraft:rotten_flesh":2,"minecraft:arrow":2,"minecraft:beetroot_seeds":12,"minecraft:hay_block":9,"minecraft:granite":2,"minecraft:oak_sapling":53,"minecraft:mutton":4,"minecraft:coal":28,"minecraft:white_wool":3,"minecraft:cobblestone":63},"minecraft:used":{"minecraft:cooked_mutton":3,"minecraft:cobblestone_stairs":11,"minecraft:stone_shovel":489,"minecraft:stone_pickaxe":96,"minecraft:baked_potato":6,"minecraft:oak_planks":239,"minecraft:chest":1,"minecraft:wooden_pickaxe":11,"minecraft:iron_sword":122,"minecraft:oak_door":2,"minecraft:dirt":32,"minecraft:crafting_table":5,"minecraft:white_bed":4,"minecraft:oak_log":237,"minecraft:wooden_axe":32,"minecraft:apple":1,"minecraft:oak_stairs":108,"minecraft:bread":4,"minecraft:cyan_bed":1,"minecraft:stone_axe":104,"minecraft:furnace":1,"minecraft:birch_log":5,"tombstone:gift":2,"minecraft:smooth_stone_slab":33,"minecraft:dandelion":2},"minecraft:killed_by":{"iceandfire:gorgon":1,"iceandfire:ghost":2}},"DataVersion":2586}