{"stats":{"minecraft:dropped":{"minecraft:bread":25,"occultism:datura_seeds":10,"minecraft:wheat_seeds":34,"minecraft:dirt":181,"minecraft:birch_sapling":2,"minecraft:beetroot_seeds":6,"minecraft:oak_sapling":61},"minecraft:picked_up":{"byg:soapstone":22,"minecraft:crafting_table":1,"minecraft:allium":1,"minecraft:wheat":2,"iceandfire:copper_ore":5,"minecraft:chicken":1,"minecraft:oak_stairs":8,"minecraft:string":1,"minecraft:smooth_stone_slab":11,"minecraft:beetroot":1,"minecraft:beef":14,"minecraft:sugar_cane":23,"minecraft:birch_sapling":10,"minecraft:stick":59,"minecraft:torch":3,"minecraft:diorite":3,"vampirism:vampire_fang":1,"minecraft:carrot":25,"minecraft:arrow":4,"minecraft:rotten_flesh":2,"minecraft:beetroot_seeds":12,"minecraft:hay_block":17,"occultism:copper_ore":3,"minecraft:mutton":12,"minecraft:cobblestone":204,"minecraft:white_wool":8,"minecraft:stripped_oak_log":6,"minecraft:birch_log":23,"occultism:datura_seeds":23,"minecraft:feather":1,"occultism:silver_ore":4,"minecraft:leather":8,"minecraft:potato":6,"minecraft:flint":1,"minecraft:oak_log":307,"minecraft:cobblestone_stairs":10,"minecraft:dirt":472,"minecraft:cooked_mutton":3,"minecraft:bone":2,"minecraft:apple":9,"travelersbackpack:cake":1,"minecraft:wheat_seeds":113,"minecraft:iron_ore":56,"minecraft:oak_planks":52,"minecraft:book":42,"minecraft:dandelion":2,"minecraft:gravel":17,"minecraft:sand":43,"minecraft:white_bed":3,"minecraft:cyan_bed":1,"minecraft:gold_ore":6,"minecraft:spider_eye":1,"minecraft:granite":2,"minecraft:bread":25,"minecraft:oak_sapling":77,"minecraft:coal":87},"minecraft:crafted":{"minecraft:oak_door":3,"minecraft:oak_planks":564,"minecraft:smooth_stone":52,"minecraft:stone_shovel":5,"minecraft:smooth_stone_slab":96,"minecraft:cooked_chicken":1,"minecraft:furnace":2,"minecraft:stone":58,"minecraft:cobblestone_stairs":12,"minecraft:cooked_mutton":8,"minecraft:glass_pane":96,"minecraft:stone_stairs":4,"minecraft:glass":46,"minecraft:iron_axe":2,"minecraft:stone_pickaxe":2,"minecraft:chest":3,"minecraft:wheat":153,"minecraft:crafting_table":4,"minecraft:wooden_pickaxe":2,"minecraft:baked_potato":35,"minecraft:stone_axe":2,"minecraft:bread":51,"minecraft:air":0,"minecraft:shield":1,"minecraft:stick":60,"minecraft:iron_pickaxe":1,"minecraft:iron_ingot":5,"minecraft:oak_stairs":120,"minecraft:wooden_axe":3,"minecraft:white_bed":1,"minecraft:torch":84},"minecraft:killed":{"vampirism:vampire":1,"minecraft:spider":2,"minecraft:skeleton":1,"minecraft:chicken":1,"minecraft:sheep":6,"minecraft:zombie":2,"iceandfire:ghost":1,"minecraft:cow":7},"minecraft:broken":{"minecraft:leather_leggings":1,"minecraft:leather_chestplate":1,"minecraft:stone_pickaxe":2,"minecraft:stone_axe":2,"minecraft:wooden_axe":2,"minecraft:stone_shovel":4},"minecraft:used":{"minecraft:stone_shovel":591,"minecraft:chest":3,"minecraft:iron_sword":246,"minecraft:oak_door":2,"minecraft:torch":45,"minecraft:dirt":32,"minecraft:stone_stairs":4,"minecraft:wooden_axe":46,"minecraft:iron_axe":12,"minecraft:oak_stairs":108,"minecraft:furnace":2,"tombstone:gift":2,"travelersbackpack:cake":1,"minecraft:cooked_mutton":3,"minecraft:cobblestone_stairs":11,"minecraft:stone_pickaxe":262,"minecraft:baked_potato":10,"minecraft:oak_planks":239,"minecraft:wooden_pickaxe":11,"minecraft:crafting_table":5,"minecraft:white_bed":4,"minecraft:oak_log":379,"minecraft:apple":1,"minecraft:iron_pickaxe":168,"minecraft:cyan_bed":1,"minecraft:bread":13,"minecraft:stone_axe":137,"minecraft:cobblestone":16,"minecraft:birch_log":28,"minecraft:glass_pane":52,"minecraft:smooth_stone_slab":107,"minecraft:dandelion":2},"minecraft:custom":{"minecraft:mob_kills":21,"minecraft:interact_with_crafting_table":47,"minecraft:open_barrel":15,"minecraft:damage_dealt_resisted":242,"minecraft:eat_cake_slice":6,"minecraft:leave_game":14,"minecraft:time_since_death":129233,"minecraft:climb_one_cm":4811,"minecraft:sprint_one_cm":492193,"minecraft:walk_one_cm":447155,"minecraft:drop":10,"minecraft:talked_to_villager":5,"minecraft:deaths":6,"minecraft:sneak_time":1475,"minecraft:walk_under_water_one_cm":2807,"minecraft:jump":2958,"minecraft:interact_with_brewingstand":1,"minecraft:interact_with_blast_furnace":1,"minecraft:walk_on_water_one_cm":21092,"minecraft:interact_with_furnace":49,"minecraft:play_one_minute":206176,"minecraft:sleep_in_bed":13,"minecraft:time_since_rest":22257,"minecraft:damage_taken":2147483647,"minecraft:trigger_trapped_chest":1,"minecraft:damage_dealt":2819,"minecraft:swim_one_cm":15918,"minecraft:fly_one_cm":685496,"minecraft:open_chest":44,"minecraft:crouch_one_cm":3519,"tombstone:undead_killed":4,"minecraft:interact_with_smoker":3,"minecraft:fall_one_cm":61648},"minecraft:killed_by":{"iceandfire:gorgon":1,"iceandfire:ghost":2},"minecraft:mined":{"minecraft:white_bed":3,"occultism:copper_ore":3,"minecraft:cobblestone_stairs":10,"minecraft:granite":2,"minecraft:allium":1,"minecraft:grass_block":311,"minecraft:spruce_leaves":4,"minecraft:large_fern":1,"minecraft:hay_block":17,"minecraft:carrots":17,"iceandfire:copper_ore":5,"minecraft:iron_ore":59,"minecraft:bookshelf":14,"minecraft:potatoes":4,"minecraft:vine":1,"minecraft:oak_stairs":8,"minecraft:stripped_oak_log":6,"occultism:silver_ore":4,"minecraft:stone":221,"minecraft:white_wool":1,"minecraft:glass_pane":4,"minecraft:dandelion":2,"minecraft:crafting_table":2,"minecraft:torch":1,"minecraft:tall_grass":16,"minecraft:cyan_bed":1,"minecraft:oak_planks":52,"minecraft:sugar_cane":8,"minecraft:diorite":3,"minecraft:wall_torch":2,"byg:soapstone":22,"minecraft:birch_log":28,"minecraft:wheat":28,"minecraft:grass_path":4,"minecraft:smooth_stone_slab":11,"minecraft:grass":71,"minecraft:coal_ore":94,"minecraft:oak_log":331,"minecraft:beetroots":6,"minecraft:gravel":18,"minecraft:sand":45,"minecraft:dirt":198,"minecraft:gold_ore":6,"minecraft:oak_leaves":12}},"DataVersion":2586}