{"stats":{"minecraft:dropped":{"minecraft:bread":25,"occultism:datura_seeds":10,"minecraft:wheat_seeds":34,"minecraft:birch_sapling":2,"minecraft:dirt":181,"minecraft:beetroot_seeds":6,"minecraft:oak_sapling":44},"minecraft:picked_up":{"minecraft:birch_log":23,"occultism:datura_seeds":21,"minecraft:crafting_table":1,"minecraft:wheat":2,"minecraft:feather":1,"minecraft:chicken":1,"minecraft:leather":8,"minecraft:potato":6,"minecraft:oak_stairs":8,"minecraft:oak_log":237,"minecraft:cobblestone_stairs":10,"minecraft:dirt":472,"minecraft:smooth_stone_slab":11,"minecraft:cooked_mutton":3,"minecraft:bone":2,"minecraft:beetroot":1,"minecraft:apple":7,"travelersbackpack:cake":1,"minecraft:wheat_seeds":112,"minecraft:beef":11,"minecraft:sugar_cane":23,"minecraft:birch_sapling":10,"minecraft:oak_planks":52,"minecraft:book":42,"minecraft:stick":45,"minecraft:torch":3,"minecraft:dandelion":2,"minecraft:sand":43,"vampirism:vampire_fang":1,"minecraft:white_bed":3,"minecraft:carrot":25,"minecraft:cyan_bed":1,"minecraft:rotten_flesh":2,"minecraft:arrow":4,"minecraft:beetroot_seeds":12,"minecraft:hay_block":17,"occultism:copper_ore":3,"minecraft:granite":2,"minecraft:bread":25,"minecraft:oak_sapling":60,"minecraft:mutton":12,"minecraft:coal":51,"minecraft:white_wool":8,"minecraft:cobblestone":110},"minecraft:crafted":{"minecraft:oak_door":3,"minecraft:smooth_stone":52,"minecraft:oak_planks":564,"minecraft:stone_shovel":5,"minecraft:smooth_stone_slab":96,"minecraft:crafting_table":4,"minecraft:wooden_pickaxe":2,"minecraft:baked_potato":19,"minecraft:furnace":2,"minecraft:cobblestone_stairs":12,"minecraft:stone":58,"minecraft:stone_axe":2,"minecraft:bread":51,"minecraft:air":0,"minecraft:glass_pane":48,"minecraft:stone_stairs":4,"minecraft:glass":21,"minecraft:stick":40,"minecraft:wooden_axe":3,"minecraft:stone_pickaxe":2,"minecraft:oak_stairs":120,"minecraft:chest":3,"minecraft:white_bed":1,"minecraft:torch":16,"minecraft:wheat":153},"minecraft:killed":{"vampirism:vampire":1,"minecraft:spider":1,"minecraft:sheep":6,"minecraft:skeleton":1,"minecraft:zombie":2,"iceandfire:ghost":1,"minecraft:chicken":1,"minecraft:cow":6},"minecraft:used":{"minecraft:cooked_mutton":3,"minecraft:cobblestone_stairs":11,"minecraft:stone_shovel":569,"minecraft:stone_pickaxe":193,"minecraft:baked_potato":10,"minecraft:oak_planks":239,"minecraft:chest":3,"minecraft:wooden_pickaxe":11,"minecraft:iron_sword":228,"minecraft:oak_door":2,"minecraft:torch":10,"minecraft:dirt":32,"minecraft:crafting_table":5,"minecraft:stone_stairs":4,"minecraft:white_bed":4,"minecraft:oak_log":276,"minecraft:wooden_axe":32,"minecraft:apple":1,"minecraft:oak_stairs":108,"minecraft:bread":8,"minecraft:cyan_bed":1,"minecraft:stone_axe":127,"minecraft:furnace":2,"minecraft:birch_log":28,"travelersbackpack:cake":1,"minecraft:glass_pane":48,"tombstone:gift":2,"minecraft:smooth_stone_slab":107,"minecraft:dandelion":2},"minecraft:broken":{"minecraft:stone_pickaxe":1,"minecraft:stone_axe":1,"minecraft:leather_leggings":1,"minecraft:wooden_axe":2,"minecraft:stone_shovel":4,"minecraft:leather_chestplate":1},"minecraft:custom":{"minecraft:interact_with_furnace":38,"minecraft:mob_kills":19,"minecraft:interact_with_crafting_table":38,"minecraft:open_barrel":12,"minecraft:play_one_minute":170176,"minecraft:damage_dealt_resisted":242,"minecraft:eat_cake_slice":6,"minecraft:leave_game":14,"minecraft:time_since_death":93233,"minecraft:sleep_in_bed":12,"minecraft:climb_one_cm":4195,"minecraft:time_since_rest":98,"minecraft:sprint_one_cm":421814,"minecraft:damage_taken":2147483647,"minecraft:walk_one_cm":386653,"minecraft:trigger_trapped_chest":1,"minecraft:drop":9,"minecraft:damage_dealt":2570,"minecraft:swim_one_cm":14290,"minecraft:fly_one_cm":560200,"minecraft:talked_to_villager":4,"minecraft:open_chest":34,"minecraft:crouch_one_cm":1721,"minecraft:sneak_time":906,"tombstone:undead_killed":4,"minecraft:deaths":6,"minecraft:walk_under_water_one_cm":2191,"minecraft:interact_with_brewingstand":1,"minecraft:jump":2369,"minecraft:walk_on_water_one_cm":17076,"minecraft:interact_with_smoker":1,"minecraft:fall_one_cm":50831},"minecraft:killed_by":{"iceandfire:gorgon":1,"iceandfire:ghost":2},"minecraft:mined":{"minecraft:white_bed":3,"minecraft:glass_pane":4,"occultism:copper_ore":3,"minecraft:cobblestone_stairs":10,"minecraft:dandelion":2,"minecraft:crafting_table":2,"minecraft:torch":1,"minecraft:granite":2,"minecraft:grass_block":311,"minecraft:tall_grass":14,"minecraft:spruce_leaves":4,"minecraft:cyan_bed":1,"minecraft:sugar_cane":8,"minecraft:oak_planks":52,"minecraft:wall_torch":2,"minecraft:large_fern":1,"minecraft:hay_block":17,"minecraft:carrots":17,"minecraft:birch_log":28,"minecraft:wheat":28,"minecraft:grass_path":4,"minecraft:smooth_stone_slab":11,"minecraft:grass":67,"minecraft:bookshelf":14,"minecraft:potatoes":4,"minecraft:oak_log":259,"minecraft:coal_ore":51,"minecraft:beetroots":6,"minecraft:vine":1,"minecraft:oak_stairs":8,"minecraft:sand":45,"minecraft:dirt":194,"minecraft:stone":126,"minecraft:white_wool":1,"minecraft:oak_leaves":8}},"DataVersion":2586}