{"stats":{"minecraft:used":{"minecraft:wooden_axe":27,"minecraft:apple":1,"minecraft:bread":3,"minecraft:cyan_bed":1,"minecraft:iron_sword":59,"minecraft:crafting_table":2,"minecraft:birch_log":5,"minecraft:dandelion":2,"minecraft:cooked_mutton":3,"minecraft:oak_log":98},"minecraft:broken":{"minecraft:wooden_axe":2},"minecraft:mined":{"minecraft:large_fern":1,"minecraft:hay_block":9,"minecraft:carrots":17,"minecraft:birch_log":5,"minecraft:wheat":26,"minecraft:dandelion":2,"minecraft:grass":32,"minecraft:bookshelf":14,"minecraft:potatoes":3,"minecraft:oak_log":106,"minecraft:beetroots":3,"minecraft:tall_grass":2,"minecraft:spruce_leaves":4,"minecraft:cyan_bed":1,"minecraft:sugar_cane":6},"minecraft:killed_by":{"iceandfire:gorgon":1},"minecraft:picked_up":{"minecraft:book":42,"minecraft:birch_log":5,"occultism:datura_seeds":6,"minecraft:stick":28,"minecraft:wheat":2,"minecraft:leather":2,"minecraft:dandelion":2,"minecraft:potato":6,"minecraft:oak_log":106,"minecraft:carrot":25,"minecraft:cyan_bed":1,"minecraft:cooked_mutton":3,"minecraft:arrow":2,"minecraft:rotten_flesh":1,"minecraft:apple":1,"minecraft:beetroot":1,"minecraft:beetroot_seeds":6,"minecraft:wheat_seeds":34,"minecraft:hay_block":9,"minecraft:beef":3,"minecraft:oak_sapling":40,"minecraft:sugar_cane":17,"minecraft:mutton":4,"minecraft:birch_sapling":4,"minecraft:white_wool":3},"minecraft:custom":{"minecraft:sprint_one_cm":194834,"minecraft:damage_taken":2147483647,"minecraft:walk_one_cm":121454,"minecraft:mob_kills":4,"minecraft:damage_dealt":514,"minecraft:interact_with_crafting_table":2,"minecraft:swim_one_cm":12826,"minecraft:talked_to_villager":1,"minecraft:fly_one_cm":211594,"minecraft:open_barrel":9,"minecraft:open_chest":15,"minecraft:crouch_one_cm":33,"minecraft:play_one_minute":53005,"minecraft:sneak_time":77,"minecraft:deaths":2,"minecraft:walk_under_water_one_cm":1569,"minecraft:jump":840,"minecraft:eat_cake_slice":6,"minecraft:leave_game":9,"minecraft:time_since_death":16517,"minecraft:walk_on_water_one_cm":6019,"minecraft:sleep_in_bed":3,"minecraft:climb_one_cm":3200,"minecraft:fall_one_cm":16856,"minecraft:time_since_rest":7761},"minecraft:killed":{"minecraft:sheep":2,"minecraft:spider":1,"minecraft:cow":1},"minecraft:crafted":{"minecraft:oak_planks":120,"minecraft:crafting_table":2,"minecraft:stick":4,"minecraft:wooden_pickaxe":1,"minecraft:wooden_axe":2}},"DataVersion":2586}