{"stats":{"minecraft:custom":{"minecraft:mob_kills":7,"minecraft:interact_with_crafting_table":7,"minecraft:open_barrel":12,"minecraft:play_one_minute":93858,"minecraft:eat_cake_slice":6,"minecraft:leave_game":11,"minecraft:time_since_death":16915,"minecraft:sleep_in_bed":6,"minecraft:climb_one_cm":4195,"minecraft:time_since_rest":3117,"minecraft:sprint_one_cm":321716,"minecraft:damage_taken":2147483647,"minecraft:walk_one_cm":183985,"minecraft:trigger_trapped_chest":1,"minecraft:drop":4,"minecraft:damage_dealt":1142,"minecraft:swim_one_cm":14290,"minecraft:talked_to_villager":1,"minecraft:fly_one_cm":429172,"minecraft:open_chest":19,"minecraft:crouch_one_cm":36,"tombstone:undead_killed":3,"minecraft:deaths":6,"minecraft:sneak_time":113,"minecraft:walk_under_water_one_cm":2191,"minecraft:interact_with_brewingstand":1,"minecraft:jump":1645,"minecraft:walk_on_water_one_cm":12416,"minecraft:interact_with_smoker":1,"minecraft:fall_one_cm":33961},"minecraft:crafted":{"minecraft:oak_planks":168,"minecraft:stone_shovel":1,"minecraft:crafting_table":4,"minecraft:wooden_pickaxe":2,"minecraft:baked_potato":19,"minecraft:cobblestone_stairs":12,"minecraft:stick":24,"minecraft:stone_pickaxe":1,"minecraft:wooden_axe":3,"minecraft:chest":1,"minecraft:white_bed":1,"minecraft:wheat":81},"minecraft:broken":{"minecraft:leather_leggings":1,"minecraft:wooden_axe":2,"minecraft:leather_chestplate":1},"minecraft:killed":{"minecraft:spider":1,"minecraft:sheep":2,"minecraft:zombie":2,"iceandfire:ghost":1,"minecraft:cow":1},"minecraft:mined":{"minecraft:white_bed":1,"minecraft:dandelion":2,"minecraft:crafting_table":1,"minecraft:grass_block":47,"minecraft:tall_grass":11,"minecraft:spruce_leaves":4,"minecraft:cyan_bed":1,"minecraft:oak_planks":1,"minecraft:sugar_cane":8,"minecraft:large_fern":1,"minecraft:hay_block":9,"minecraft:carrots":17,"minecraft:birch_log":5,"minecraft:wheat":26,"minecraft:grass":50,"minecraft:bookshelf":14,"minecraft:potatoes":3,"minecraft:oak_log":112,"minecraft:beetroots":3,"minecraft:vine":1,"minecraft:dirt":17,"minecraft:stone":34},"minecraft:dropped":{"minecraft:wheat_seeds":34,"minecraft:birch_sapling":2,"minecraft:beetroot_seeds":6,"minecraft:oak_sapling":44},"minecraft:picked_up":{"minecraft:birch_log":5,"occultism:datura_seeds":11,"minecraft:wheat":2,"minecraft:leather":2,"minecraft:potato":6,"minecraft:oak_log":112,"minecraft:dirt":44,"minecraft:cooked_mutton":3,"minecraft:apple":4,"minecraft:beetroot":1,"minecraft:wheat_seeds":103,"minecraft:beef":3,"minecraft:sugar_cane":23,"minecraft:birch_sapling":6,"minecraft:oak_planks":1,"minecraft:book":42,"minecraft:stick":32,"minecraft:dandelion":2,"minecraft:white_bed":1,"minecraft:carrot":25,"minecraft:cyan_bed":1,"minecraft:rotten_flesh":2,"minecraft:arrow":2,"minecraft:beetroot_seeds":12,"minecraft:hay_block":9,"minecraft:oak_sapling":44,"minecraft:mutton":4,"minecraft:cobblestone":34,"minecraft:white_wool":3},"minecraft:used":{"minecraft:cooked_mutton":3,"minecraft:stone_shovel":68,"minecraft:stone_pickaxe":24,"minecraft:baked_potato":3,"minecraft:oak_planks":13,"minecraft:chest":1,"minecraft:wooden_pickaxe":11,"minecraft:iron_sword":122,"minecraft:dirt":3,"minecraft:crafting_table":4,"minecraft:white_bed":1,"minecraft:oak_log":120,"minecraft:wooden_axe":30,"minecraft:apple":1,"minecraft:cyan_bed":1,"minecraft:bread":4,"minecraft:birch_log":5,"tombstone:gift":2,"minecraft:dandelion":2},"minecraft:killed_by":{"iceandfire:gorgon":1,"iceandfire:ghost":2}},"DataVersion":2586}