{"stats":{"minecraft:crafted":{"minecraft:oak_door":3,"minecraft:smooth_stone":52,"minecraft:oak_planks":564,"minecraft:stone_shovel":5,"minecraft:smooth_stone_slab":96,"minecraft:cooked_chicken":1,"minecraft:furnace":2,"minecraft:cobblestone_stairs":12,"minecraft:stone":58,"minecraft:cooked_mutton":8,"minecraft:glass_pane":96,"minecraft:oak_trapdoor":10,"minecraft:stone_stairs":4,"minecraft:glass":46,"minecraft:iron_axe":2,"minecraft:stone_pickaxe":2,"minecraft:chest":3,"minecraft:stone_hoe":1,"minecraft:wheat":153,"minecraft:crafting_table":5,"minecraft:iron_helmet":1,"minecraft:wooden_pickaxe":2,"minecraft:baked_potato":35,"minecraft:bucket":5,"minecraft:oak_wood":3,"minecraft:stone_axe":2,"minecraft:bread":51,"minecraft:air":0,"minecraft:oak_boat":1,"minecraft:iron_chestplate":1,"minecraft:shield":1,"minecraft:stick":60,"minecraft:oak_stairs":120,"minecraft:iron_ingot":49,"minecraft:iron_pickaxe":6,"minecraft:wooden_axe":3,"minecraft:gold_ingot":6,"minecraft:white_bed":1,"minecraft:torch":108},"minecraft:mined":{"minecraft:diamond_ore":14,"minecraft:white_bed":3,"iceandfire:silver_ore":3,"occultism:copper_ore":3,"minecraft:cobblestone_stairs":10,"minecraft:granite":2,"minecraft:allium":1,"minecraft:grass_block":328,"minecraft:spruce_leaves":4,"minecraft:large_fern":1,"minecraft:hay_block":17,"minecraft:redstone_ore":16,"minecraft:carrots":17,"iceandfire:copper_ore":5,"minecraft:iron_ore":75,"minecraft:andesite":4,"minecraft:bookshelf":14,"minecraft:potatoes":4,"minecraft:vine":1,"minecraft:oak_stairs":8,"minecraft:stripped_oak_log":6,"byg:rocky_stone":5,"occultism:silver_ore":4,"minecraft:stone":347,"minecraft:white_wool":1,"minecraft:glass_pane":4,"minecraft:dandelion":2,"minecraft:crafting_table":2,"minecraft:torch":1,"minecraft:oak_wood":1,"minecraft:tall_grass":19,"minecraft:cobblestone":1,"minecraft:cyan_bed":1,"minecraft:lapis_ore":1,"minecraft:sugar_cane":8,"minecraft:oak_planks":52,"minecraft:diorite":4,"minecraft:wall_torch":2,"byg:soapstone":22,"byg:scoria_stone":13,"minecraft:birch_log":28,"minecraft:wheat":28,"minecraft:grass_path":4,"minecraft:smooth_stone_slab":11,"minecraft:grass":73,"minecraft:oak_log":334,"minecraft:coal_ore":107,"minecraft:beetroots":6,"minecraft:gravel":18,"minecraft:sand":45,"minecraft:dirt":213,"minecraft:gold_ore":6,"minecraft:oak_leaves":12},"minecraft:picked_up":{"byg:soapstone":22,"minecraft:wheat":2,"minecraft:crafting_table":1,"minecraft:allium":1,"minecraft:chicken":1,"iceandfire:copper_ore":5,"minecraft:oak_stairs":8,"minecraft:string":2,"minecraft:iron_axe":1,"minecraft:smooth_stone_slab":11,"minecraft:beetroot":1,"minecraft:beef":14,"minecraft:sugar_cane":23,"minecraft:birch_sapling":10,"minecraft:stick":59,"minecraft:torch":3,"iceandfire:silver_ore":3,"minecraft:porkchop":8,"minecraft:diorite":4,"vampirism:vampire_fang":1,"minecraft:carrot":25,"minecraft:redstone":71,"minecraft:arrow":4,"minecraft:rotten_flesh":2,"minecraft:beetroot_seeds":12,"minecraft:hay_block":17,"occultism:copper_ore":3,"chococraft:chocobo_drumstick_raw":1,"minecraft:mutton":15,"minecraft:cobblestone":325,"byg:rocky_stone":5,"minecraft:white_wool":9,"minecraft:stripped_oak_log":6,"minecraft:birch_log":23,"occultism:datura_seeds":23,"minecraft:feather":1,"minecraft:andesite":4,"occultism:silver_ore":4,"minecraft:leather":10,"minecraft:potato":6,"minecraft:flint":1,"minecraft:oak_log":310,"minecraft:cobblestone_stairs":10,"minecraft:lapis_lazuli":7,"minecraft:dirt":504,"minecraft:cooked_mutton":3,"chococraft:chocobo_feather":2,"minecraft:bone":4,"byg:scoria_cobblestone":13,"botania:cyan_mystical_flower":1,"minecraft:apple":9,"travelersbackpack:cake":1,"minecraft:wheat_seeds":115,"minecraft:iron_ore":72,"minecraft:oak_planks":52,"minecraft:book":42,"minecraft:dandelion":2,"minecraft:gravel":17,"minecraft:sand":43,"minecraft:white_bed":3,"minecraft:cyan_bed":1,"minecraft:gold_ore":6,"minecraft:spider_eye":3,"minecraft:oak_wood":1,"minecraft:diamond":13,"minecraft:granite":2,"minecraft:bread":25,"minecraft:oak_sapling":77,"minecraft:black_wool":1,"minecraft:coal":95},"minecraft:used":{"minecraft:oak_trapdoor":10,"minecraft:stone_shovel":616,"minecraft:chest":3,"minecraft:shield":19,"minecraft:iron_sword":305,"minecraft:stone_hoe":28,"minecraft:oak_door":2,"minecraft:torch":105,"minecraft:dirt":64,"minecraft:stone_stairs":4,"minecraft:oak_wood":4,"minecraft:wooden_axe":46,"minecraft:iron_axe":16,"minecraft:oak_stairs":108,"minecraft:furnace":2,"tombstone:gift":2,"travelersbackpack:cake":1,"minecraft:wheat_seeds":28,"minecraft:cooked_mutton":3,"minecraft:water_bucket":7,"minecraft:cobblestone_stairs":11,"minecraft:stone_pickaxe":262,"minecraft:baked_potato":10,"minecraft:oak_planks":239,"minecraft:wooden_pickaxe":11,"minecraft:crafting_table":6,"minecraft:white_bed":4,"minecraft:oak_log":437,"minecraft:apple":1,"minecraft:iron_pickaxe":383,"minecraft:bread":15,"minecraft:cyan_bed":1,"minecraft:stone_axe":137,"minecraft:cobblestone":61,"minecraft:bucket":7,"minecraft:birch_log":28,"minecraft:glass_pane":52,"minecraft:smooth_stone_slab":107,"minecraft:oak_boat":1,"minecraft:dandelion":2},"minecraft:broken":{"minecraft:leather_leggings":1,"minecraft:leather_chestplate":1,"minecraft:stone_pickaxe":2,"minecraft:stone_axe":2,"minecraft:wooden_axe":2,"minecraft:stone_shovel":4},"minecraft:killed":{"vampirism:vampire":1,"minecraft:spider":4,"minecraft:skeleton":1,"minecraft:chicken":1,"vampirism:hunter":1,"minecraft:sheep":6,"minecraft:zombie":2,"iceandfire:ghost":1,"minecraft:cow":7},"minecraft:custom":{"minecraft:mob_kills":32,"minecraft:interact_with_crafting_table":59,"minecraft:open_barrel":15,"minecraft:damage_dealt_resisted":535,"minecraft:eat_cake_slice":6,"minecraft:leave_game":34,"minecraft:time_since_death":195511,"minecraft:climb_one_cm":4811,"minecraft:sprint_one_cm":589549,"minecraft:walk_one_cm":557561,"minecraft:drop":10,"minecraft:talked_to_villager":6,"minecraft:deaths":6,"minecraft:sneak_time":4158,"minecraft:walk_under_water_one_cm":3022,"minecraft:boat_one_cm":1641,"minecraft:interact_with_brewingstand":1,"minecraft:jump":3590,"minecraft:interact_with_blast_furnace":1,"minecraft:walk_on_water_one_cm":22774,"minecraft:interact_with_furnace":57,"minecraft:play_one_minute":272454,"minecraft:sleep_in_bed":14,"minecraft:time_since_rest":43085,"minecraft:damage_taken":2147483647,"minecraft:trigger_trapped_chest":1,"minecraft:damage_dealt":3765,"minecraft:swim_one_cm":15918,"minecraft:fly_one_cm":783813,"minecraft:open_chest":51,"minecraft:crouch_one_cm":6840,"tombstone:undead_killed":4,"minecraft:interact_with_smoker":3,"minecraft:fall_one_cm":75435},"minecraft:killed_by":{"iceandfire:gorgon":1,"iceandfire:ghost":2},"minecraft:dropped":{"minecraft:bread":25,"occultism:datura_seeds":10,"minecraft:wheat_seeds":34,"minecraft:dirt":181,"minecraft:birch_sapling":2,"minecraft:beetroot_seeds":6,"minecraft:oak_sapling":61}},"DataVersion":2586}