{"stats":{"minecraft:used":{"minecraft:oak_log":98,"minecraft:cooked_mutton":3,"minecraft:wooden_axe":27,"minecraft:apple":1,"minecraft:cyan_bed":1,"minecraft:iron_sword":26,"minecraft:crafting_table":2,"minecraft:birch_log":5,"minecraft:dandelion":2},"minecraft:crafted":{"minecraft:oak_planks":120,"minecraft:crafting_table":2,"minecraft:stick":4,"minecraft:wooden_pickaxe":1,"minecraft:wooden_axe":2},"minecraft:custom":{"minecraft:time_since_rest":123,"minecraft:sprint_one_cm":164945,"minecraft:damage_taken":2147483647,"minecraft:walk_one_cm":114092,"minecraft:mob_kills":4,"minecraft:damage_dealt":514,"minecraft:talked_to_villager":1,"minecraft:swim_one_cm":8418,"minecraft:interact_with_crafting_table":2,"minecraft:fly_one_cm":164922,"minecraft:open_barrel":9,"minecraft:open_chest":15,"minecraft:play_one_minute":45367,"minecraft:crouch_one_cm":33,"minecraft:deaths":2,"minecraft:sneak_time":74,"minecraft:walk_under_water_one_cm":1085,"minecraft:jump":687,"minecraft:eat_cake_slice":6,"minecraft:leave_game":6,"minecraft:walk_on_water_one_cm":5091,"minecraft:time_since_death":8879,"minecraft:sleep_in_bed":3,"minecraft:climb_one_cm":3200,"minecraft:fall_one_cm":13123},"minecraft:broken":{"minecraft:wooden_axe":2},"minecraft:killed":{"minecraft:sheep":2,"minecraft:spider":1,"minecraft:cow":1},"minecraft:mined":{"minecraft:carrots":10,"minecraft:birch_log":5,"minecraft:wheat":12,"minecraft:dandelion":2,"minecraft:grass":32,"minecraft:potatoes":2,"minecraft:bookshelf":14,"minecraft:oak_log":106,"minecraft:beetroots":2,"minecraft:tall_grass":1,"minecraft:spruce_leaves":4,"minecraft:cyan_bed":1,"minecraft:sugar_cane":6,"minecraft:large_fern":1},"minecraft:killed_by":{"iceandfire:gorgon":1},"minecraft:picked_up":{"minecraft:book":42,"minecraft:birch_log":5,"minecraft:stick":28,"minecraft:wheat":1,"minecraft:leather":2,"minecraft:dandelion":2,"minecraft:potato":5,"minecraft:oak_log":106,"minecraft:carrot":15,"minecraft:cyan_bed":1,"minecraft:cooked_mutton":3,"minecraft:beetroot":1,"minecraft:arrow":2,"minecraft:rotten_flesh":1,"minecraft:apple":1,"minecraft:beetroot_seeds":5,"minecraft:wheat_seeds":18,"minecraft:beef":3,"minecraft:oak_sapling":40,"minecraft:sugar_cane":17,"minecraft:mutton":4,"minecraft:birch_sapling":4,"minecraft:white_wool":3,"occultism:datura_seeds":6}},"DataVersion":2586}