{"stats":{"minecraft:custom":{"minecraft:interact_with_furnace":1,"minecraft:mob_kills":7,"minecraft:interact_with_crafting_table":15,"minecraft:open_barrel":12,"minecraft:play_one_minute":126704,"minecraft:eat_cake_slice":6,"minecraft:leave_game":13,"minecraft:time_since_death":49761,"minecraft:sleep_in_bed":9,"minecraft:climb_one_cm":4195,"minecraft:time_since_rest":383,"minecraft:sprint_one_cm":350032,"minecraft:damage_taken":2147483647,"minecraft:walk_one_cm":272757,"minecraft:trigger_trapped_chest":1,"minecraft:drop":4,"minecraft:damage_dealt":1142,"minecraft:swim_one_cm":14290,"minecraft:talked_to_villager":1,"minecraft:fly_one_cm":471039,"minecraft:open_chest":22,"minecraft:crouch_one_cm":225,"minecraft:sneak_time":214,"tombstone:undead_killed":3,"minecraft:deaths":6,"minecraft:walk_under_water_one_cm":2191,"minecraft:interact_with_brewingstand":1,"minecraft:jump":1882,"minecraft:walk_on_water_one_cm":12597,"minecraft:interact_with_smoker":1,"minecraft:fall_one_cm":40337},"minecraft:crafted":{"minecraft:oak_planks":420,"minecraft:stone_shovel":4,"minecraft:crafting_table":4,"minecraft:wooden_pickaxe":2,"minecraft:baked_potato":19,"minecraft:furnace":1,"minecraft:cobblestone_stairs":12,"minecraft:stone_axe":2,"minecraft:stick":32,"minecraft:wooden_axe":3,"minecraft:stone_pickaxe":1,"minecraft:oak_stairs":24,"minecraft:chest":1,"minecraft:white_bed":1,"minecraft:wheat":81},"minecraft:broken":{"minecraft:leather_leggings":1,"minecraft:wooden_axe":2,"minecraft:stone_shovel":3,"minecraft:leather_chestplate":1},"minecraft:killed":{"minecraft:spider":1,"minecraft:sheep":2,"minecraft:zombie":2,"iceandfire:ghost":1,"minecraft:cow":1},"minecraft:mined":{"minecraft:white_bed":3,"minecraft:dandelion":2,"minecraft:crafting_table":2,"minecraft:granite":2,"minecraft:grass_block":293,"minecraft:tall_grass":13,"minecraft:spruce_leaves":4,"minecraft:cyan_bed":1,"minecraft:sugar_cane":8,"minecraft:oak_planks":47,"minecraft:large_fern":1,"minecraft:hay_block":9,"minecraft:carrots":17,"minecraft:birch_log":5,"minecraft:wheat":26,"minecraft:grass_path":4,"minecraft:grass":54,"minecraft:bookshelf":14,"minecraft:potatoes":3,"minecraft:oak_log":214,"minecraft:beetroots":3,"minecraft:vine":1,"minecraft:dirt":179,"minecraft:stone":53},"minecraft:dropped":{"minecraft:wheat_seeds":34,"minecraft:birch_sapling":2,"minecraft:beetroot_seeds":6,"minecraft:oak_sapling":44},"minecraft:picked_up":{"minecraft:birch_log":5,"occultism:datura_seeds":18,"minecraft:crafting_table":1,"minecraft:wheat":2,"minecraft:leather":2,"minecraft:potato":6,"minecraft:oak_log":208,"minecraft:dirt":427,"minecraft:cooked_mutton":3,"minecraft:apple":5,"minecraft:beetroot":1,"minecraft:wheat_seeds":108,"minecraft:beef":3,"minecraft:sugar_cane":23,"minecraft:birch_sapling":6,"minecraft:oak_planks":47,"minecraft:book":42,"minecraft:stick":39,"minecraft:dandelion":2,"minecraft:white_bed":3,"minecraft:carrot":25,"minecraft:cyan_bed":1,"minecraft:rotten_flesh":2,"minecraft:arrow":2,"minecraft:beetroot_seeds":12,"minecraft:hay_block":9,"minecraft:granite":2,"minecraft:oak_sapling":53,"minecraft:mutton":4,"minecraft:white_wool":3,"minecraft:cobblestone":53},"minecraft:used":{"minecraft:cooked_mutton":3,"minecraft:cobblestone_stairs":7,"minecraft:stone_shovel":489,"minecraft:stone_pickaxe":45,"minecraft:baked_potato":6,"minecraft:oak_planks":232,"minecraft:chest":1,"minecraft:wooden_pickaxe":11,"minecraft:iron_sword":122,"minecraft:dirt":32,"minecraft:crafting_table":5,"minecraft:white_bed":4,"minecraft:oak_log":237,"minecraft:wooden_axe":32,"minecraft:apple":1,"minecraft:bread":4,"minecraft:cyan_bed":1,"minecraft:stone_axe":91,"minecraft:furnace":1,"minecraft:birch_log":5,"tombstone:gift":2,"minecraft:dandelion":2},"minecraft:killed_by":{"iceandfire:gorgon":1,"iceandfire:ghost":2}},"DataVersion":2586}