{
  "create:root": {
    "criteria": {
      "0": "2024-07-10 02:32:07 +0000"
    },
    "done": true
  },
  "minecraft:recipes/decorations/crafting_table": {
    "criteria": {
      "unlock_right_away": "2024-07-10 02:30:13 +0000"
    },
    "done": true
  },
  "minecraft:recipes/misc/yellow_dye_from_dandelion": {
    "criteria": {
      "has_dandelion": "2024-07-10 02:32:07 +0000"
    },
    "done": true
  },
  "eternal_tales:eternal_tales_ach": {
    "criteria": {
      "eternal_tales_ach_0": "2024-07-10 02:30:12 +0000"
    },
    "done": true
  },
  "apollyon:apollyon": {
    "criteria": {
      "apollyon": "2024-07-10 02:32:09 +0000"
    },
    "done": true
  },
  "minecraft:adventure/adventuring_time": {
    "criteria": {
      "minecraft:old_growth_birch_forest": "2024-07-10 02:30:14 +0000"
    },
    "done": false
  },
  "DataVersion": 3465
}